Orderdetail_id,Order_id,Product_id ,quantity,price_each,orderline_number
1,1,1,30,100,3
2,2,2,50,67.8,2
3,3,3,22,86.51,4
4,4,4,49,34.47,1
5,5,5,25,100,4
6,6,6,26,100,1
7,7,7,45,31.2,3
8,8,8,46,53.76,2
9,9,9,39,100,2
10,10,10,41,50.14,1
11,11,11,26,100,11
12,12,12,42,100,4
13,13,13,27,100,8
14,14,14,35,100,10
15,15,15,22,54.09,2
16,16,16,27,83.07,12
17,17,17,35,57.46,14
18,18,18,25,100,13
19,19,19,46,100,16
20,20,20,36,100,5
21,21,21,41,47.29,9
22,22,22,36,100,1
23,23,23,25,100,15
24,24,24,31,100,3
25,25,25,45,75.63,7
26,26,26,42,100,6
27,27,27,34,100,1
28,28,28,41,100,9
29,29,29,24,100,8
30,30,30,29,100,12
31,31,31,23,100,13
32,32,32,38,100,3
33,33,33,35,55.49,6
34,34,34,44,39.6,10
35,35,35,26,100,5
36,36,36,35,47.62,11
37,37,37,49,65.87,4
38,38,38,33,100,7
39,39,39,32,53.31,2
40,40,40,50,100,2
41,41,41,41,100,15
42,42,42,29,100,14
43,43,43,22,100,11
44,44,44,38,100,13
45,45,45,41,82.5,10
46,46,46,43,100,9
47,47,47,44,72.58,4
48,48,48,50,79.67,1
49,49,49,41,70.67,5
50,50,50,29,70.15,12
51,51,51,31,65.77,3
52,52,52,39,81.14,6
53,53,53,22,100,7
54,54,54,25,56.78,8
55,55,55,36,100,12
56,56,56,34,90.39,2
57,57,57,41,83.44,18
58,58,58,41,100,17
59,59,59,28,88.63,4
60,60,60,49,74.68,13
61,61,61,31,52.6,14
62,62,62,50,64.83,11
63,63,63,26,63.76,3
64,64,64,33,72.92,5
65,65,65,39,40.15,6
66,66,66,31,100,7
67,67,67,30,100,16
68,68,68,34,100,9
69,69,69,32,100,1
70,70,70,44,74.4,8
71,71,71,48,61.44,10
72,72,72,48,52.64,15
73,73,73,30,95.7,2
74,74,74,39,99.91,5
75,75,75,27,100,4
76,76,76,21,100,1
77,77,77,29,70.87,6
78,78,78,25,100,3
79,79,79,38,83.03,7
80,80,80,20,92.9,8
81,81,81,33,100,6
82,82,82,45,100,4
83,83,83,39,89.38,7
84,84,84,36,100,3
85,85,85,38,82.39,2
86,86,86,26,68.35,9
87,87,87,29,100,8
88,88,88,43,67.77,12
89,89,89,44,100,11
90,90,90,35,58.87,15
91,91,91,30,63.07,5
92,92,92,40,100,1
93,93,93,31,68.71,10
94,94,94,27,43.45,13
95,95,95,31,100,16
96,96,96,34,82.99,14
97,97,97,26,100,4
98,98,98,38,100,3
99,99,99,26,100,1
100,100,100,46,100,5
101,101,101,47,100,2
102,102,102,29,32.1,6
103,103,103,37,100,16
104,104,104,42,100,7
105,105,105,32,50.25,6
106,106,106,33,100,4
107,107,107,31,100,1
108,108,108,28,89.27,8
109,109,109,42,61.29,9
110,110,110,36,85.25,13
111,111,111,29,59.37,15
112,112,112,20,35.51,3
113,113,113,39,44.35,2
114,114,114,43,78.15,11
115,115,115,46,100,10
116,116,116,27,73.62,12
117,117,117,37,100,14
118,118,118,48,34.47,5
119,119,119,33,99.66,6
120,120,120,48,49.06,5
121,121,121,28,64.33,2
122,122,122,43,100,1
123,123,123,39,100,4
124,124,124,26,86.68,3
125,125,125,29,100,1
126,126,126,23,100,2
127,127,127,21,100,2
128,128,128,49,100,4
129,129,129,50,49.81,3
130,130,130,23,68.52,1
131,131,131,31,100,8
132,132,132,39,100,3
133,133,133,45,68.67,6
134,134,134,48,100,4
135,135,135,41,100,9
136,136,136,21,100,5
137,137,137,24,30.06,1
138,138,138,32,100,7
139,139,139,28,55.73,2
140,140,140,42,100,10
141,141,141,46,100,5
142,142,142,46,100,4
143,143,143,47,69.36,2
144,144,144,44,100,1
145,145,145,27,100,3
146,146,146,27,63.38,1
147,147,147,33,100,9
148,148,148,43,100,10
149,149,149,39,100,8
150,150,150,26,100,5
151,151,151,21,95.8,7
152,152,152,22,100,12
153,153,153,23,97.42,4
154,154,154,41,100,3
155,155,155,21,49.21,11
156,156,156,38,79.68,6
157,157,157,45,83.42,1
158,158,158,50,43.68,2
159,159,159,36,100,1
160,160,160,46,100,11
161,161,161,43,100,3
162,162,162,21,89.46,9
163,163,163,27,99.52,8
164,164,164,41,59.6,4
165,165,165,35,87.62,13
166,166,166,20,72.98,5
167,167,167,35,90.57,10
168,168,168,28,70.29,2
169,169,169,25,76.67,14
170,170,170,29,94.14,7
171,171,171,38,65.77,12
172,172,172,26,59.22,1
173,173,173,28,48.17,6
174,174,174,29,96.34,3
175,175,175,46,100,2
176,176,176,29,71.81,8
177,177,177,46,58.15,4
178,178,178,35,98.05,1
179,179,179,39,100,10
180,180,180,34,83.79,5
181,181,181,29,85.49,9
182,182,182,22,100,6
183,183,183,29,72.23,11
184,184,184,49,50.62,12
185,185,185,47,82.21,13
186,186,186,24,100,15
187,187,187,24,100,7
188,188,188,43,76,14
189,189,189,34,81.35,5
190,190,190,50,100,4
191,191,191,32,76.88,2
192,192,192,25,86.74,3
193,193,193,44,74.85,1
194,194,194,42,100,10
195,195,195,37,99.82,8
196,196,196,32,63.84,11
197,197,197,20,100,7
198,198,198,34,100,2
199,199,199,43,72.38,6
200,200,200,31,100,1
201,201,201,25,100,3
202,202,202,21,73.17,13
203,203,203,21,100,12
204,204,204,35,49.74,16
205,205,205,28,100,15
206,206,206,39,30.96,4
207,207,207,34,50.21,9
208,208,208,43,100,5
209,209,209,29,71.14,14
210,210,210,31,44.66,17
211,211,211,26,100,2
212,212,212,46,100,3
213,213,213,34,100,4
214,214,214,50,59.87,1
215,215,215,21,100,6
216,216,216,42,53.88,5
217,217,217,42,100,3
218,218,218,36,85.59,7
219,219,219,23,57.73,8
220,220,220,22,77.9,12
221,221,221,45,37.84,2
222,222,222,22,45.25,1
223,223,223,32,72.7,10
224,224,224,25,93.95,9
225,225,225,49,83.04,11
226,226,226,43,100,13
227,227,227,46,33.23,4
228,228,228,32,100,1
229,229,229,34,100,2
230,230,230,38,100,11
231,231,231,22,100,4
232,232,232,21,100,8
233,233,233,38,100,10
234,234,234,42,54.99,17
235,235,235,43,65.02,2
236,236,236,31,90.17,12
237,237,237,46,73.7,14
238,238,238,30,97.39,13
239,239,239,38,82.34,16
240,240,240,50,100,5
241,241,241,43,53.83,9
242,242,242,27,100,1
243,243,243,34,100,15
244,244,244,43,96.31,3
245,245,245,26,62.7,7
246,246,246,45,100,6
247,247,247,46,100,2
248,248,248,46,100,3
249,249,249,42,100,1
250,250,250,24,100,11
251,251,251,45,100,10
252,252,252,45,100,14
253,253,253,22,100,15
254,254,254,25,100,5
255,255,255,20,60.69,8
256,256,256,39,38.19,12
257,257,257,20,96.99,7
258,258,258,45,51.95,13
259,259,259,29,70.84,6
260,260,260,46,100,9
261,261,261,46,69.12,4
262,262,262,41,100,2
263,263,263,41,100,4
264,264,264,43,92.16,1
265,265,265,32,97,3
266,266,266,33,100,2
267,267,267,45,100,9
268,268,268,41,94.71,4
269,269,269,50,77.99,1
270,270,270,31,60,5
271,271,271,45,85.29,3
272,272,272,42,91.15,6
273,273,273,30,85.41,7
274,274,274,32,64.97,8
275,275,275,40,96.34,2
276,276,276,33,100,1
277,277,277,21,100,4
278,278,278,35,67.14,5
279,279,279,29,59.18,6
280,280,280,50,81.89,3
281,281,281,22,85.99,8
282,282,282,40,100,1
283,283,283,26,85.13,2
284,284,284,21,41.71,7
285,285,285,49,69.27,3
286,286,286,41,94.1,5
287,287,287,46,77.52,4
288,288,288,23,100,1
289,289,289,49,57.1,6
290,290,290,27,50.19,7
291,291,291,24,77.64,8
292,292,292,27,99.67,2
293,293,293,41,94.74,2
294,294,294,27,100,5
295,295,295,31,100,4
296,296,296,20,100,1
297,297,297,30,61.78,6
298,298,298,35,93.54,3
299,299,299,43,83.03,7
300,300,300,42,100,7
301,301,301,48,100,5
302,302,302,24,75.01,8
303,303,303,29,97.89,4
304,304,304,48,79.31,3
305,305,305,45,78,10
306,306,306,42,100,9
307,307,307,45,50.36,13
308,308,308,31,100,12
309,309,309,29,61.64,16
310,310,310,20,35.87,1
311,311,311,27,66.13,6
312,312,312,47,100,2
313,313,313,23,87.31,11
314,314,314,33,40.23,14
315,315,315,30,89.8,17
316,316,316,44,96,15
317,317,317,25,100,2
318,318,318,36,100,1
319,319,319,41,100,3
320,320,320,44,99.55,2
321,321,321,37,100,3
322,322,322,31,100,4
323,323,323,26,49.81,1
324,324,324,31,100,7
325,325,325,49,43.13,6
326,326,326,41,100,8
327,327,327,46,100,1
328,328,328,20,71.2,3
329,329,329,20,90.06,2
330,330,330,30,100,5
331,331,331,29,100,4
332,332,332,37,100,11
333,333,333,26,100,4
334,334,334,38,100,8
335,335,335,32,100,10
336,336,336,46,61.99,2
337,337,337,40,100,5
338,338,338,29,43.27,9
339,339,339,47,100,1
340,340,340,26,100,3
341,341,341,28,60.76,7
342,342,342,36,100,6
343,343,343,21,100,5
344,344,344,39,100,4
345,345,345,47,100,8
346,346,346,34,100,9
347,347,347,20,54.33,2
348,348,348,21,42.43,6
349,349,349,40,94.62,1
350,350,350,24,45.99,7
351,351,351,44,100,3
352,352,352,33,100,12
353,353,353,33,100,13
354,354,354,46,100,11
355,355,355,47,100,8
356,356,356,22,97.81,10
357,357,357,24,100,15
358,358,358,24,70.22,7
359,359,359,33,100,6
360,360,360,49,98.25,1
361,361,361,42,74.57,16
362,362,362,42,49.79,14
363,363,363,41,64,2
364,364,364,43,84.01,9
365,365,365,21,100,3
366,366,366,38,85.41,4
367,367,367,39,44.23,5
368,368,368,49,100,15
369,369,369,32,100,7
370,370,370,46,74.84,13
371,371,371,34,100,12
372,372,372,27,60.97,8
373,373,373,33,77.59,9
374,374,374,23,80.51,14
375,375,375,28,66.19,6
376,376,376,34,36.66,1
377,377,377,36,100,2
378,378,378,26,100,11
379,379,379,26,82.77,4
380,380,380,31,85.29,16
381,381,381,28,96,3
382,382,382,34,85.87,5
383,383,383,37,50.65,10
384,384,384,20,81.86,1
385,385,385,45,83.26,6
386,386,386,37,100,9
387,387,387,33,100,8
388,388,388,49,100,5
389,389,389,30,85.32,14
390,390,390,30,49.67,10
391,391,391,43,95.8,7
392,392,392,40,87.54,16
393,393,393,47,83.03,11
394,394,394,27,60.95,3
395,395,395,33,84.77,15
396,396,396,33,93.9,12
397,397,397,31,35.8,1
398,398,398,27,100,4
399,399,399,38,81.36,2
400,400,400,20,100,13
401,401,401,47,67.14,2
402,402,402,29,100,1
403,403,403,48,100,7
404,404,404,31,100,5
405,405,405,21,63.84,8
406,406,406,33,97.89,4
407,407,407,26,82.39,3
408,408,408,36,86.04,10
409,409,409,37,100,9
410,410,410,25,42.67,1
411,411,411,30,68.58,6
412,412,412,23,100,2
413,413,413,31,64.67,11
414,414,414,23,100,13
415,415,415,47,100,9
416,416,416,25,100,12
417,417,417,27,100,10
418,418,418,32,100,14
419,419,419,28,100,11
420,420,420,34,100,1
421,421,421,29,81.25,2
422,422,422,25,60.26,6
423,423,423,47,56.85,8
424,424,424,21,73.6,4
425,425,425,34,100,3
426,426,426,31,73.62,5
427,427,427,27,100,7
428,428,428,50,100,4
429,429,429,30,58.22,3
430,430,430,34,100,11
431,431,431,24,62.36,10
432,432,432,33,100,8
433,433,433,23,100,5
434,434,434,42,94.25,2
435,435,435,36,33.19,7
436,436,436,49,49.28,6
437,437,437,26,38.98,9
438,438,438,20,90.57,1
439,439,439,45,100,8
440,440,440,20,100,1
441,441,441,30,100,5
442,442,442,34,100,7
443,443,443,47,91.18,9
444,444,444,30,49.97,11
445,445,445,26,100,10
446,446,446,49,100,2
447,447,447,30,42.76,6
448,448,448,49,58.18,4
449,449,449,20,100,3
450,450,450,24,100,3
451,451,451,43,100,2
452,452,452,49,100,6
453,453,453,39,69.28,9
454,454,454,21,100,7
455,455,455,42,100,8
456,456,456,30,40.31,4
457,457,457,27,100,10
458,458,458,41,63.85,5
459,459,459,26,100,1
460,460,460,35,100,1
461,461,461,25,65.31,4
462,462,462,23,100,3
463,463,463,33,50.95,2
464,464,464,20,100,11
465,465,465,42,100,12
466,466,466,49,100,10
467,467,467,31,100,7
468,468,468,29,88.74,9
469,469,469,22,83.38,6
470,470,470,40,100,5
471,471,471,31,57.41,13
472,472,472,43,64.67,1
473,473,473,31,87.48,8
474,474,474,50,88.15,2
475,475,475,20,100,3
476,476,476,50,60.06,4
477,477,477,31,91.17,2
478,478,478,36,64.33,1
479,479,479,32,100,13
480,480,480,38,100,5
481,481,481,44,79.14,11
482,482,482,29,100,10
483,483,483,23,72.62,6
484,484,484,34,55.89,7
485,485,485,37,67.93,12
486,486,486,44,77.11,4
487,487,487,32,91.43,9
488,488,488,20,100,2
489,489,489,43,86.4,1
490,490,490,44,85.87,3
491,491,491,34,49.16,8
492,492,492,20,41.02,1
493,493,493,48,100,2
494,494,494,22,67.03,1
495,495,495,49,100,14
496,496,496,37,100,17
497,497,497,22,100,16
498,498,498,41,100,2
499,499,499,38,100,13
500,500,500,24,73.42,3
501,501,501,42,51.48,18
502,502,502,21,81.21,5
503,503,503,25,100,4
504,504,504,21,64.66,8
505,505,505,32,100,7
506,506,506,44,100,15
507,507,507,27,80.34,11
508,508,508,50,69.8,1
509,509,509,23,67.1,6
510,510,510,35,35.4,9
511,511,511,23,100,12
512,512,512,31,71.6,10
513,513,513,46,100,6
514,514,514,50,100,5
515,515,515,38,88.55,4
516,516,516,20,100,1
517,517,517,42,37,2
518,518,518,35,100,3
519,519,519,28,100,12
520,520,520,43,100,8
521,521,521,48,100,11
522,522,522,23,100,9
523,523,523,36,100,10
524,524,524,25,80.54,1
525,525,525,37,72.76,5
526,526,526,23,53.33,7
527,527,527,20,100,3
528,528,528,25,100,2
529,529,529,20,77.05,4
530,530,530,30,100,6
531,531,531,48,91.44,2
532,532,532,45,51.21,1
533,533,533,29,100,9
534,534,534,27,69.62,8
535,535,535,38,100,6
536,536,536,48,100,3
537,537,537,39,100,10
538,538,538,37,27.22,5
539,539,539,43,36.29,4
540,540,540,37,38.98,7
541,541,541,21,100,1
542,542,542,31,100,2
543,543,543,48,69.96,4
544,544,544,40,100,3
545,545,545,43,100,6
546,546,546,42,91.55,5
547,547,547,21,100,2
548,548,548,49,100,6
549,549,549,36,99.17,8
550,550,550,45,100,3
551,551,551,25,53.83,7
552,552,552,24,100,1
553,553,553,49,54.94,5
554,554,554,39,81.93,4
555,555,555,44,100,3
556,556,556,34,100,4
557,557,557,27,100,2
558,558,558,48,100,12
559,559,559,29,100,11
560,560,560,46,100,15
561,561,561,31,71.1,18
562,562,562,47,100,16
563,563,563,50,100,1
564,564,564,28,100,6
565,565,565,25,69.36,9
566,566,566,32,100,17
567,567,567,27,31.82,13
568,568,568,24,99.36,8
569,569,569,48,45.99,14
570,570,570,44,53.44,7
571,571,571,48,94.92,10
572,572,572,38,66.78,5
573,573,573,43,100,2
574,574,574,26,73.73,1
575,575,575,29,100,3
576,576,576,44,100,9
577,577,577,43,100,1
578,578,578,46,73.12,7
579,579,579,34,100,6
580,580,580,33,100,16
581,581,581,21,69.88,2
582,582,582,20,79.66,11
583,583,583,32,63.12,3
584,584,584,29,83.86,8
585,585,585,43,75.34,12
586,586,586,29,100,5
587,587,587,46,70.11,10
588,588,588,24,100,13
589,589,589,28,100,14
590,590,590,40,41.71,4
591,591,591,38,48.59,15
592,592,592,36,96.66,1
593,593,593,27,100,4
594,594,594,20,100,3
595,595,595,21,70.96,9
596,596,596,46,61.18,5
597,597,597,50,100,2
598,598,598,49,100,11
599,599,599,29,75.41,6
600,600,600,27,73.02,18
601,601,601,48,78.25,10
602,602,602,28,100,7
603,603,603,31,73.61,12
604,604,604,48,51.93,13
605,605,605,28,98.65,14
606,606,606,31,100,16
607,607,607,36,100,8
608,608,608,48,96,15
609,609,609,39,82.91,17
610,610,610,30,100,2
611,611,611,35,100,13
612,612,612,36,63.84,3
613,613,613,32,70.76,5
614,614,614,36,100,4
615,615,615,38,68.39,8
616,616,616,33,100,7
617,617,617,38,74.11,11
618,618,618,34,50.21,1
619,619,619,24,94.58,6
620,620,620,26,39.83,9
621,621,621,34,100,12
622,622,622,48,80.55,10
623,623,623,47,100,4
624,624,624,41,100,3
625,625,625,20,63.14,2
626,626,626,34,100,1
627,627,627,35,100,2
628,628,628,35,100,1
629,629,629,39,100,3
630,630,630,36,35.49,4
631,631,631,42,100,6
632,632,632,39,100,7
633,633,633,48,100,8
634,634,634,32,75.69,3
635,635,635,34,42.76,5
636,636,636,22,74.51,1
637,637,637,24,81.33,2
638,638,638,22,98.51,4
639,639,639,43,100,6
640,640,640,48,44.21,5
641,641,641,24,100,13
642,642,642,26,57.51,12
643,643,643,31,100,10
644,644,644,22,100,7
645,645,645,28,53.72,2
646,646,646,31,89.01,1
647,647,647,29,95.24,4
648,648,648,21,75.46,14
649,649,649,39,71.98,15
650,650,650,31,31.53,9
651,651,651,27,41.22,8
652,652,652,23,100,16
653,653,653,35,33.23,11
654,654,654,22,100,3
655,655,655,34,100,4
656,656,656,43,100,1
657,657,657,48,93.34,3
658,658,658,46,100,5
659,659,659,49,44.78,2
660,660,660,33,100,9
661,661,661,26,100,1
662,662,662,48,100,4
663,663,663,41,69.28,7
664,664,664,29,100,5
665,665,665,47,100,10
666,666,666,28,100,6
667,667,667,37,31.12,2
668,668,668,22,100,8
669,669,669,50,63.31,3
670,670,670,29,74.98,12
671,671,671,42,85.98,11
672,672,672,33,100,2
673,673,673,47,100,3
674,674,674,50,100,1
675,675,675,20,100,10
676,676,676,36,100,5
677,677,677,27,68.78,8
678,678,678,29,100,7
679,679,679,22,64,6
680,680,680,23,100,9
681,681,681,38,64.44,4
682,682,682,23,100,9
683,683,683,29,100,11
684,684,684,35,74.6,8
685,685,685,50,100,7
686,686,686,45,72.58,2
687,687,687,24,76,3
688,688,688,31,88.34,10
689,689,689,32,76.62,1
690,690,690,44,92.16,4
691,691,691,24,100,5
692,692,692,40,50.23,6
693,693,693,24,100,12
694,694,694,42,100,4
695,695,695,41,81.72,10
696,696,696,48,100,9
697,697,697,34,80.84,5
698,698,698,27,73.64,6
699,699,699,21,72.12,11
700,700,700,30,72.33,3
701,701,701,34,96.86,8
702,702,702,22,87.75,1
703,703,703,45,76.25,2
704,704,704,45,51.15,7
705,705,705,29,86.13,9
706,706,706,42,100,12
707,707,707,41,100,11
708,708,708,40,100,8
709,709,709,25,64.2,13
710,710,710,21,50.36,3
711,711,711,44,100,2
712,712,712,48,100,10
713,713,713,28,68.55,14
714,714,714,35,72.03,6
715,715,715,28,71.14,1
716,716,716,34,45.46,4
717,717,717,22,100,7
718,718,718,21,93.56,5
719,719,719,27,100,14
720,720,720,28,100,12
721,721,721,20,81.4,15
722,722,722,36,100,11
723,723,723,44,100,6
724,724,724,42,100,2
725,725,725,22,73.92,10
726,726,726,21,100,5
727,727,727,27,100,3
728,728,728,45,100,7
729,729,729,30,82.82,17
730,730,730,22,100,16
731,731,731,39,100,4
732,732,732,34,53.83,1
733,733,733,37,42.67,8
734,734,734,23,65.52,13
735,735,735,25,100,9
736,736,736,25,87.33,3
737,737,737,32,54.45,2
738,738,738,44,100,10
739,739,739,38,61.15,9
740,740,740,20,100,7
741,741,741,21,100,4
742,742,742,33,86.31,1
743,743,743,36,100,11
744,744,744,44,69.84,12
745,745,745,47,74.22,16
746,746,746,39,36.84,6
747,747,747,31,36.74,5
748,748,748,36,73.6,14
749,749,749,20,100,13
750,750,750,33,94.17,15
751,751,751,49,100,17
752,752,752,23,42.26,8
753,753,753,23,100,8
754,754,754,28,100,1
755,755,755,41,100,5
756,756,756,21,96.84,7
757,757,757,37,89.15,9
758,758,758,39,68.08,11
759,759,759,22,100,10
760,760,760,21,100,2
761,761,761,40,49.3,6
762,762,762,47,100,12
763,763,763,49,64.64,4
764,764,764,23,86.99,3
765,765,765,37,100,6
766,766,766,46,100,5
767,767,767,46,100,9
768,768,768,44,60.16,12
769,769,769,28,100,10
770,770,770,31,60.11,3
771,771,771,24,100,11
772,772,772,42,31.82,7
773,773,773,49,100,2
774,774,774,46,100,13
775,775,775,33,62.77,8
776,776,776,48,50.95,1
777,777,777,45,100,4
778,778,778,21,100,13
779,779,779,33,100,14
780,780,780,43,100,12
781,781,781,28,100,9
782,782,782,49,80.67,11
783,783,783,39,100,16
784,784,784,47,77.24,8
785,785,785,30,100,7
786,786,786,33,74.35,2
787,787,787,20,48.62,15
788,788,788,21,54,3
789,789,789,30,94.4,10
790,790,790,39,57.82,1
791,791,791,37,100,4
792,792,792,22,79.45,5
793,793,793,28,64.43,6
794,794,794,26,100,9
795,795,795,32,100,1
796,796,796,32,89.46,7
797,797,797,46,100,6
798,798,798,22,69.2,2
799,799,799,21,69.04,3
800,800,800,36,85.54,8
801,801,801,24,99.57,5
802,802,802,28,52.14,4
803,803,803,48,100,1
804,804,804,38,96.34,4
805,805,805,45,100,3
806,806,806,32,65.42,5
807,807,807,25,100,2
808,808,808,40,91.4,6
809,809,809,44,98.89,7
810,810,810,29,100,8
811,811,811,28,100,1
812,812,812,42,76.19,3
813,813,813,46,32.99,1
814,814,814,42,85.72,4
815,815,815,40,66.72,2
816,816,816,21,100,3
817,817,817,40,100,1
818,818,818,30,64.64,4
819,819,819,36,94.88,6
820,820,820,23,100,5
821,821,821,43,72.74,9
822,822,822,32,100,8
823,823,823,48,60.01,2
824,824,824,44,66.29,7
825,825,825,27,100,16
826,826,826,22,100,11
827,827,827,29,100,7
828,828,828,45,90.86,15
829,829,829,47,100,10
830,830,830,38,100,8
831,831,831,26,100,12
832,832,832,45,100,9
833,833,833,37,69.82,4
834,834,834,47,53.83,6
835,835,835,46,83.6,2
836,836,836,23,100,1
837,837,837,30,30.59,13
838,838,838,32,72.77,3
839,839,839,46,100,5
840,840,840,45,100,14
841,841,841,28,100,7
842,842,842,46,53.37,6
843,843,843,21,100,14
844,844,844,42,59.33,13
845,845,845,44,100,11
846,846,846,22,100,8
847,847,847,28,93.21,1
848,848,848,24,51.84,3
849,849,849,23,100,2
850,850,850,32,79.37,5
851,851,851,24,97.55,15
852,852,852,25,76.26,16
853,853,853,26,29.21,10
854,854,854,20,50.62,9
855,855,855,22,41.03,12
856,856,856,20,100,4
857,857,857,42,100,11
858,858,858,26,100,4
859,859,859,38,100,8
860,860,860,21,93.34,10
861,861,861,45,70.49,2
862,862,862,32,100,5
863,863,863,41,44.78,9
864,864,864,49,100,1
865,865,865,37,97.27,3
866,866,866,39,54.94,7
867,867,867,26,89.01,6
868,868,868,49,100,6
869,869,869,27,100,5
870,870,870,35,100,9
871,871,871,50,100,10
872,872,872,44,66.47,3
873,873,873,32,28.29,7
874,874,874,34,100,2
875,875,875,32,43.29,8
876,876,876,33,54.68,1
877,877,877,49,100,4
878,878,878,47,100,5
879,879,879,24,100,6
880,880,880,38,100,4
881,881,881,49,100,1
882,882,882,35,100,3
883,883,883,27,100,8
884,884,884,46,62.09,7
885,885,885,50,94.4,2
886,886,886,45,100,6
887,887,887,46,87.74,4
888,888,888,22,100,3
889,889,889,50,100,14
890,890,890,41,100,13
891,891,891,47,83.2,8
892,892,892,22,86.38,5
893,893,893,23,64.67,9
894,894,894,24,90.52,2
895,895,895,50,78.79,7
896,896,896,27,92.16,10
897,897,897,35,93.35,11
898,898,898,29,41.71,1
899,899,899,42,50.23,12
900,900,900,42,100,4
901,901,901,48,67.82,5
902,902,902,27,71.67,6
903,903,903,43,66.19,3
904,904,904,42,100,1
905,905,905,40,63.67,2
906,906,906,29,38.4,1
907,907,907,48,83.12,2
908,908,908,38,82.4,3
909,909,909,22,98.57,2
910,910,910,24,100,5
911,911,911,49,100,4
912,912,912,25,100,1
913,913,913,30,64.81,6
914,914,914,39,100,3
915,915,915,25,73.88,7
916,916,916,20,100,8
917,917,917,20,100,6
918,918,918,44,82.99,9
919,919,919,47,100,5
920,920,920,45,85.47,4
921,921,921,48,100,1
922,922,922,33,86.04,11
923,923,923,32,100,10
924,924,924,21,37,2
925,925,925,34,64.9,7
926,926,926,47,100,3
927,927,927,42,100,17
928,928,928,40,100,13
929,929,929,33,100,4
930,930,930,38,100,16
931,931,931,23,71.44,3
932,932,932,26,100,1
933,933,933,27,100,14
934,934,934,35,100,15
935,935,935,29,85.59,5
936,936,936,45,76.26,6
937,937,937,20,62.47,10
938,938,938,45,49.81,12
939,939,939,47,96.32,8
940,940,940,42,100,7
941,941,941,40,79.62,9
942,942,942,48,91.02,11
943,943,943,39,33.23,2
944,944,944,36,100,2
945,945,945,48,63.61,1
946,946,946,40,100,3
947,947,947,32,37.17,5
948,948,948,24,38.08,4
949,949,949,47,100,6
950,950,950,28,100,3
951,951,951,34,100,5
952,952,952,37,90.17,7
953,953,953,28,67.46,9
954,954,954,30,100,8
955,955,955,28,87.3,11
956,956,956,21,53.33,4
957,957,957,33,97.39,10
958,958,958,36,58.82,2
959,959,959,33,100,1
960,960,960,31,100,15
961,961,961,34,99.54,7
962,962,962,44,100,6
963,963,963,43,100,10
964,964,964,37,69.89,13
965,965,965,25,100,11
966,966,966,40,100,1
967,967,967,47,100,16
968,968,968,49,46.82,4
969,969,969,46,100,12
970,970,970,42,29.7,8
971,971,971,28,100,3
972,972,972,49,80.9,14
973,973,973,27,60.06,9
974,974,974,45,56.55,2
975,975,975,28,94.92,5
976,976,976,46,100,13
977,977,977,26,100,14
978,978,978,20,100,12
979,979,979,24,100,9
980,980,980,48,100,11
981,981,981,45,87.77,8
982,982,982,35,100,7
983,983,983,20,89.4,2
984,984,984,30,65.61,15
985,985,985,38,74.67,3
986,986,986,40,80.55,10
987,987,987,46,74.45,1
988,988,988,37,100,4
989,989,989,33,85.41,5
990,990,990,42,63.88,6
991,991,991,39,100,8
992,992,992,28,100,6
993,993,993,20,100,5
994,994,994,43,82.21,1
995,995,995,36,77.59,2
996,996,996,22,89.73,7
997,997,997,33,88.71,4
998,998,998,48,44.69,3
999,999,999,23,100,2
1000,1000,1000,34,100,1
1001,1001,1001,31,100,17
1002,1002,1002,50,76.88,7
1003,1003,1003,40,49.67,3
1004,1004,1004,27,98.48,9
1005,1005,1005,30,61.7,4
1006,1006,1006,29,69.6,16
1007,1007,1007,40,71,8
1008,1008,1008,46,79.91,5
1009,1009,1009,39,59.16,10
1010,1010,1010,43,41.02,11
1011,1011,1011,21,78.55,12
1012,1012,1012,26,99.72,14
1013,1013,1013,25,100,6
1014,1014,1014,31,86.4,13
1015,1015,1015,42,70.33,15
1016,1016,1016,41,100,14
1017,1017,1017,41,100,2
1018,1018,1018,36,100,13
1019,1019,1019,28,92.57,3
1020,1020,1020,35,78,5
1021,1021,1021,28,100,4
1022,1022,1022,46,54.09,8
1023,1023,1023,41,100,7
1024,1024,1024,25,90.16,15
1025,1025,1025,21,63.72,11
1026,1026,1026,48,48.98,1
1027,1027,1027,22,92.16,6
1028,1028,1028,41,42.24,9
1029,1029,1029,37,100,12
1030,1030,1030,40,80.55,10
1031,1031,1031,39,100,16
1032,1032,1032,33,100,15
1033,1033,1033,29,100,10
1034,1034,1034,38,100,6
1035,1035,1035,20,66.99,14
1036,1036,1036,41,100,9
1037,1037,1037,40,100,7
1038,1038,1038,40,100,11
1039,1039,1039,45,100,8
1040,1040,1040,41,82.31,3
1041,1041,1041,45,53.33,5
1042,1042,1042,45,88.14,1
1043,1043,1043,34,43.42,12
1044,1044,1044,27,79.62,2
1045,1045,1045,46,87.81,4
1046,1046,1046,49,100,13
1047,1047,1047,38,94.79,1
1048,1048,1048,25,83.39,2
1049,1049,1049,27,100,3
1050,1050,1050,30,100,7
1051,1051,1051,21,62.96,6
1052,1052,1052,27,100,4
1053,1053,1053,50,100,1
1054,1054,1054,20,34.19,3
1055,1055,1055,49,47.94,2
1056,1056,1056,44,34.88,5
1057,1057,1057,35,100,3
1058,1058,1058,46,100,2
1059,1059,1059,27,89.38,10
1060,1060,1060,33,43.13,9
1061,1061,1061,49,100,4
1062,1062,1062,31,58.71,6
1063,1063,1063,49,100,5
1064,1064,1064,41,100,8
1065,1065,1065,46,45.28,1
1066,1066,1066,39,90.57,7
1067,1067,1067,43,100,1
1068,1068,1068,48,100,4
1069,1069,1069,35,61.38,2
1070,1070,1070,38,100,5
1071,1071,1071,28,100,1
1072,1072,1072,21,100,3
1073,1073,1073,39,62.05,7
1074,1074,1074,31,88,6
1075,1075,1075,48,100,2
1076,1076,1076,43,100,1
1077,1077,1077,21,40.31,3
1078,1078,1078,35,55.19,4
1079,1079,1079,32,100,2
1080,1080,1080,30,100,3
1081,1081,1081,27,100,1
1082,1082,1082,50,100,5
1083,1083,1083,26,56.07,8
1084,1084,1084,37,100,7
1085,1085,1085,20,52.82,6
1086,1086,1086,37,100,9
1087,1087,1087,30,68.54,4
1088,1088,1088,33,100,3
1089,1089,1089,23,80.67,5
1090,1090,1090,39,89.53,2
1091,1091,1091,49,100,1
1092,1092,1092,23,97,4
1093,1093,1093,49,100,12
1094,1094,1094,49,100,4
1095,1095,1095,49,94.62,10
1096,1096,1096,45,85.75,9
1097,1097,1097,32,81.53,5
1098,1098,1098,47,70.81,14
1099,1099,1099,43,70.35,6
1100,1100,1100,46,80.51,11
1101,1101,1101,48,56.64,3
1102,1102,1102,31,62.67,15
1103,1103,1103,26,100,8
1104,1104,1104,37,87.75,1
1105,1105,1105,36,80.95,13
1106,1106,1106,38,100,16
1107,1107,1107,31,95.34,17
1108,1108,1108,43,74.03,2
1109,1109,1109,31,45.69,7
1110,1110,1110,36,63.34,18
1111,1111,1111,37,100,1
1112,1112,1112,47,100,4
1113,1113,1113,49,100,3
1114,1114,1114,47,100,9
1115,1115,1115,28,60.57,5
1116,1116,1116,32,91.29,2
1117,1117,1117,34,100,11
1118,1118,1118,38,69.31,6
1119,1119,1119,23,74.62,10
1120,1120,1120,21,100,7
1121,1121,1121,20,66.04,12
1122,1122,1122,41,46.26,13
1123,1123,1123,25,100,14
1124,1124,1124,29,100,8
1125,1125,1125,26,67.2,15
1126,1126,1126,43,100,6
1127,1127,1127,38,58.44,1
1128,1128,1128,37,80.34,4
1129,1129,1129,43,39.43,2
1130,1130,1130,30,100,5
1131,1131,1131,50,77.29,3
1132,1132,1132,27,100,9
1133,1133,1133,25,99.82,7
1134,1134,1134,37,77.41,10
1135,1135,1135,21,100,6
1136,1136,1136,32,100,1
1137,1137,1137,47,64.68,5
1138,1138,1138,43,100,2
1139,1139,1139,37,95.69,12
1140,1140,1140,27,100,11
1141,1141,1141,35,100,14
1142,1142,1142,42,36.63,3
1143,1143,1143,24,50.21,8
1144,1144,1144,40,100,4
1145,1145,1145,46,70.33,13
1146,1146,1146,38,100,4
1147,1147,1147,24,100,7
1148,1148,1148,24,100,5
1149,1149,1149,46,100,6
1150,1150,1150,21,60.26,1
1151,1151,1151,36,43.27,3
1152,1152,1152,48,92.09,2
1153,1153,1153,25,100,3
1154,1154,1154,31,48.52,2
1155,1155,1155,26,100,10
1156,1156,1156,28,50.85,9
1157,1157,1157,46,100,7
1158,1158,1158,29,100,4
1159,1159,1159,33,100,1
1160,1160,1160,34,100,11
1161,1161,1161,37,57.73,12
1162,1162,1162,42,29.21,6
1163,1163,1163,24,48.38,5
1164,1164,1164,47,88.14,14
1165,1165,1165,33,100,13
1166,1166,1166,40,79.62,15
1167,1167,1167,27,43.9,8
1168,1168,1168,29,100,2
1169,1169,1169,32,100,1
1170,1170,1170,24,100,3
1171,1171,1171,45,63.71,5
1172,1172,1172,31,100,4
1173,1173,1173,33,100,6
1174,1174,1174,50,100,9
1175,1175,1175,25,100,13
1176,1176,1176,36,100,1
1177,1177,1177,26,100,4
1178,1178,1178,28,59.55,7
1179,1179,1179,22,100,5
1180,1180,1180,41,100,10
1181,1181,1181,39,40.25,14
1182,1182,1182,48,100,6
1183,1183,1183,33,32.88,2
1184,1184,1184,25,100,8
1185,1185,1185,23,54.11,3
1186,1186,1186,30,73.04,12
1187,1187,1187,50,100,11
1188,1188,1188,43,100,1
1189,1189,1189,49,100,8
1190,1190,1190,42,100,3
1191,1191,1191,36,54.33,6
1192,1192,1192,45,100,5
1193,1193,1193,46,60.9,4
1194,1194,1194,34,100,7
1195,1195,1195,43,52.14,2
1196,1196,1196,42,100,2
1197,1197,1197,49,100,1
1198,1198,1198,22,100,6
1199,1199,1199,48,95.8,8
1200,1200,1200,23,89.53,5
1201,1201,1201,46,100,4
1202,1202,1202,26,88.34,7
1203,1203,1203,48,96.16,1
1204,1204,1204,35,82.43,2
1205,1205,1205,24,49.69,3
1206,1206,1206,40,94.71,2
1207,1207,1207,36,70.67,3
1208,1208,1208,29,82.4,1
1209,1209,1209,24,76.03,3
1210,1210,1210,23,96.29,5
1211,1211,1211,33,60.05,12
1212,1212,1212,40,81.14,4
1213,1213,1213,41,100,1
1214,1214,1214,34,77.73,6
1215,1215,1215,41,35.35,7
1216,1216,1216,25,100,8
1217,1217,1217,38,88.75,10
1218,1218,1218,25,96.11,2
1219,1219,1219,32,92,9
1220,1220,1220,34,72.55,11
1221,1221,1221,22,100,1
1222,1222,1222,23,55.72,2
1223,1223,1223,36,87.6,3
1224,1224,1224,23,100,7
1225,1225,1225,39,100,9
1226,1226,1226,32,100,6
1227,1227,1227,26,52.22,1
1228,1228,1228,20,100,8
1229,1229,1229,26,79.65,4
1230,1230,1230,26,40.23,2
1231,1231,1231,27,100,5
1232,1232,1232,20,68.34,3
1233,1233,1233,28,100,3
1234,1234,1234,29,100,1
1235,1235,1235,20,74.21,4
1236,1236,1236,41,73.17,6
1237,1237,1237,49,100,5
1238,1238,1238,44,100,8
1239,1239,1239,47,62.45,2
1240,1240,1240,22,93.77,7
1241,1241,1241,21,93.28,5
1242,1242,1242,46,73.92,4
1243,1243,1243,47,100,1
1244,1244,1244,20,44.56,2
1245,1245,1245,29,100,3
1246,1246,1246,41,100,3
1247,1247,1247,37,100,2
1248,1248,1248,37,100,1
1249,1249,1249,21,100,11
1250,1250,1250,41,100,2
1251,1251,1251,33,72.65,1
1252,1252,1252,44,100,12
1253,1253,1253,42,90.19,3
1254,1254,1254,30,66.99,4
1255,1255,1255,22,76.43,8
1256,1256,1256,21,40.25,10
1257,1257,1257,47,94.5,6
1258,1258,1258,28,98.65,5
1259,1259,1259,26,81.33,7
1260,1260,1260,27,86.73,9
1261,1261,1261,46,36.93,1
1262,1262,1262,47,100,2
1263,1263,1263,33,29.54,1
1264,1264,1264,40,100,7
1265,1265,1265,20,58.22,6
1266,1266,1266,43,100,8
1267,1267,1267,30,100,1
1268,1268,1268,24,58.09,3
1269,1269,1269,29,100,2
1270,1270,1270,36,84.33,5
1271,1271,1271,39,45.25,9
1272,1272,1272,40,86.68,4
1273,1273,1273,34,100,9
1274,1274,1274,28,100,2
1275,1275,1275,38,100,6
1276,1276,1276,29,100,8
1277,1277,1277,21,100,3
1278,1278,1278,45,59.87,7
1279,1279,1279,37,100,1
1280,1280,1280,44,69.16,5
1281,1281,1281,44,100,4
1282,1282,1282,46,100,5
1283,1283,1283,40,100,4
1284,1284,1284,22,98.18,8
1285,1285,1285,30,61.99,11
1286,1286,1286,36,100,9
1287,1287,1287,44,52.6,2
1288,1288,1288,29,100,10
1289,1289,1289,49,36.07,6
1290,1290,1290,46,100,1
1291,1291,1291,35,48.7,7
1292,1292,1292,22,100,3
1293,1293,1293,44,100,2
1294,1294,1294,25,100,3
1295,1295,1295,27,100,1
1296,1296,1296,48,100,5
1297,1297,1297,40,49.71,6
1298,1298,1298,49,63.85,4
1299,1299,1299,20,100,3
1300,1300,1300,21,73.98,1
1301,1301,1301,32,100,12
1302,1302,1302,42,100,14
1303,1303,1303,42,75.48,11
1304,1304,1304,48,100,10
1305,1305,1305,30,100,5
1306,1306,1306,23,76.31,2
1307,1307,1307,36,71.34,6
1308,1308,1308,40,100,13
1309,1309,1309,32,75.89,4
1310,1310,1310,30,100,7
1311,1311,1311,35,90.37,8
1312,1312,1312,23,65.52,9
1313,1313,1313,46,100,5
1314,1314,1314,20,67.82,1
1315,1315,1315,25,69.7,2
1316,1316,1316,40,95.95,4
1317,1317,1317,32,57.61,3
1318,1318,1318,45,100,14
1319,1319,1319,27,98.84,4
1320,1320,1320,31,88.63,6
1321,1321,1321,32,87.6,1
1322,1322,1322,40,75.06,13
1323,1323,1323,37,74.62,5
1324,1324,1324,31,100,2
1325,1325,1325,50,61.22,7
1326,1326,1326,36,51.93,8
1327,1327,1327,31,91.34,9
1328,1328,1328,35,100,11
1329,1329,1329,44,100,3
1330,1330,1330,44,67.2,10
1331,1331,1331,38,62.19,12
1332,1332,1332,28,100,2
1333,1333,1333,44,100,5
1334,1334,1334,43,100,4
1335,1335,1335,46,100,1
1336,1336,1336,29,61.18,6
1337,1337,1337,26,100,3
1338,1338,1338,20,76.39,2
1339,1339,1339,41,100,1
1340,1340,1340,31,52.84,5
1341,1341,1341,26,100,4
1342,1342,1342,47,65.8,8
1343,1343,1343,38,87.31,3
1344,1344,1344,36,48.28,6
1345,1345,1345,25,100,9
1346,1346,1346,48,72.41,7
1347,1347,1347,24,100,13
1348,1348,1348,22,100,11
1349,1349,1349,25,90.17,14
1350,1350,1350,41,100,10
1351,1351,1351,26,100,5
1352,1352,1352,24,100,1
1353,1353,1353,23,83.93,9
1354,1354,1354,33,100,4
1355,1355,1355,37,100,2
1356,1356,1356,40,100,6
1357,1357,1357,31,100,3
1358,1358,1358,40,42.67,7
1359,1359,1359,24,52.66,12
1360,1360,1360,39,100,8
1361,1361,1361,24,100,1
1362,1362,1362,37,45.7,2
1363,1363,1363,34,95.55,2
1364,1364,1364,29,51.75,1
1365,1365,1365,50,88.14,1
1366,1366,1366,49,53.72,3
1367,1367,1367,37,84.82,2
1368,1368,1368,26,89.29,5
1369,1369,1369,46,78.89,4
1370,1370,1370,32,100,6
1371,1371,1371,41,100,3
1372,1372,1372,41,100,5
1373,1373,1373,21,59.87,4
1374,1374,1374,20,61.41,2
1375,1375,1375,45,80.92,1
1376,1376,1376,26,100,12
1377,1377,1377,46,100,4
1378,1378,1378,30,100,3
1379,1379,1379,34,99.41,7
1380,1380,1380,30,49.22,10
1381,1381,1381,27,100,8
1382,1382,1382,41,100,13
1383,1383,1383,28,46.82,1
1384,1384,1384,47,100,9
1385,1385,1385,31,33.24,5
1386,1386,1386,45,86.68,11
1387,1387,1387,40,43.83,6
1388,1388,1388,29,100,2
1389,1389,1389,27,100,1
1390,1390,1390,20,89.53,9
1391,1391,1391,36,100,8
1392,1392,1392,22,91.17,3
1393,1393,1393,34,62,4
1394,1394,1394,44,68.67,2
1395,1395,1395,25,88.15,5
1396,1396,1396,50,81.43,6
1397,1397,1397,29,50.78,7
1398,1398,1398,49,100,9
1399,1399,1399,32,84.3,15
1400,1400,1400,34,100,14
1401,1401,1401,34,97.38,1
1402,1402,1402,24,67.14,10
1403,1403,1403,46,70.35,11
1404,1404,1404,49,87.21,16
1405,1405,1405,48,61.42,8
1406,1406,1406,40,79.11,2
1407,1407,1407,49,37.97,3
1408,1408,1408,40,84.03,4
1409,1409,1409,44,94.14,13
1410,1410,1410,33,90.75,6
1411,1411,1411,27,76,5
1412,1412,1412,35,71.07,7
1413,1413,1413,21,57.11,12
1414,1414,1414,34,100,2
1415,1415,1415,40,100,5
1416,1416,1416,41,100,4
1417,1417,1417,48,100,1
1418,1418,1418,33,86.17,10
1419,1419,1419,34,58.75,6
1420,1420,1420,42,100,3
1421,1421,1421,37,62.46,7
1422,1422,1422,24,75.35,11
1423,1423,1423,31,79.91,8
1424,1424,1424,47,100,9
1425,1425,1425,48,54.71,3
1426,1426,1426,20,100,2
1427,1427,1427,37,65.1,6
1428,1428,1428,47,83.27,1
1429,1429,1429,20,32.59,4
1430,1430,1430,34,97.97,7
1431,1431,1431,47,89.5,5
1432,1432,1432,45,86.84,2
1433,1433,1433,49,100,1
1434,1434,1434,44,100,14
1435,1435,1435,22,100,12
1436,1436,1436,35,76.61,15
1437,1437,1437,40,100,11
1438,1438,1438,21,100,6
1439,1439,1439,36,100,2
1440,1440,1440,33,74.69,10
1441,1441,1441,49,100,5
1442,1442,1442,20,100,3
1443,1443,1443,29,100,7
1444,1444,1444,33,100,4
1445,1445,1445,28,48.3,1
1446,1446,1446,34,40.4,8
1447,1447,1447,47,62.45,13
1448,1448,1448,24,100,9
1449,1449,1449,36,75.55,1
1450,1450,1450,40,80.1,5
1451,1451,1451,38,87.24,3
1452,1452,1452,43,100,2
1453,1453,1453,44,96.74,4
1454,1454,1454,43,100,6
1455,1455,1455,32,63.08,1
1456,1456,1456,48,97.39,2
1457,1457,1457,21,100,9
1458,1458,1458,32,100,2
1459,1459,1459,28,100,6
1460,1460,1460,43,96.84,8
1461,1461,1461,31,96.24,10
1462,1462,1462,38,100,11
1463,1463,1463,38,100,3
1464,1464,1464,44,58.36,7
1465,1465,1465,32,85.72,1
1466,1466,1466,21,63.35,5
1467,1467,1467,46,88,4
1468,1468,1468,31,97.17,5
1469,1469,1469,50,100,4
1470,1470,1470,50,100,8
1471,1471,1471,25,69.28,11
1472,1472,1472,20,100,9
1473,1473,1473,45,64.74,2
1474,1474,1474,43,100,10
1475,1475,1475,38,41.72,6
1476,1476,1476,22,100,1
1477,1477,1477,35,47.62,7
1478,1478,1478,34,98.39,3
1479,1479,1479,35,100,2
1480,1480,1480,27,100,3
1481,1481,1481,39,100,1
1482,1482,1482,25,100,5
1483,1483,1483,45,64.63,6
1484,1484,1484,43,56.82,4
1485,1485,1485,30,100,4
1486,1486,1486,34,98.06,2
1487,1487,1487,40,100,13
1488,1488,1488,47,100,15
1489,1489,1489,50,85.75,1
1490,1490,1490,33,71.09,12
1491,1491,1491,22,100,11
1492,1492,1492,27,100,6
1493,1493,1493,48,83.02,3
1494,1494,1494,21,65.34,7
1495,1495,1495,21,100,14
1496,1496,1496,42,62.16,5
1497,1497,1497,40,86.15,8
1498,1498,1498,26,100,9
1499,1499,1499,37,45.86,10
1500,1500,1500,41,100,1
1501,1501,1501,40,65.08,2
1502,1502,1502,24,72.33,3
1503,1503,1503,24,90.52,5
1504,1504,1504,32,58.6,4
1505,1505,1505,45,92.83,1
1506,1506,1506,22,100,4
1507,1507,1507,36,100,3
1508,1508,1508,35,90.39,9
1509,1509,1509,37,63.6,5
1510,1510,1510,21,100,2
1511,1511,1511,25,95.2,11
1512,1512,1512,30,79.98,6
1513,1513,1513,41,81.89,18
1514,1514,1514,27,62.31,10
1515,1515,1515,23,81.91,7
1516,1516,1516,28,63.97,12
1517,1517,1517,38,45.39,13
1518,1518,1518,32,89.51,14
1519,1519,1519,39,100,16
1520,1520,1520,48,100,8
1521,1521,1521,43,73.6,15
1522,1522,1522,31,72.55,17
1523,1523,1523,50,100,3
1524,1524,1524,43,100,14
1525,1525,1525,47,100,1
1526,1526,1526,38,83.79,4
1527,1527,1527,38,69.96,6
1528,1528,1528,30,100,5
1529,1529,1529,33,50.36,9
1530,1530,1530,48,100,8
1531,1531,1531,46,75.49,12
1532,1532,1532,20,61.23,2
1533,1533,1533,48,75.18,7
1534,1534,1534,27,36.61,10
1535,1535,1535,38,100,13
1536,1536,1536,21,70.78,11
1537,1537,1537,28,100,1
1538,1538,1538,34,100,6
1539,1539,1539,23,100,2
1540,1540,1540,29,90.86,10
1541,1541,1541,29,100,5
1542,1542,1542,39,100,3
1543,1543,1543,42,100,7
1544,1544,1544,31,100,4
1545,1545,1545,35,45.28,1
1546,1546,1546,31,38.89,8
1547,1547,1547,25,100,9
1548,1548,1548,26,60.58,1
1549,1549,1549,32,74.96,5
1550,1550,1550,49,79.97,3
1551,1551,1551,48,100,2
1552,1552,1552,33,71.06,4
1553,1553,1553,48,100,6
1554,1554,1554,34,100,2
1555,1555,1555,24,100,1
1556,1556,1556,50,100,9
1557,1557,1557,27,57.68,8
1558,1558,1558,26,100,16
1559,1559,1559,25,62.96,15
1560,1560,1560,37,100,13
1561,1561,1561,22,100,10
1562,1562,1562,46,100,3
1563,1563,1563,43,68.71,5
1564,1564,1564,29,100,4
1565,1565,1565,34,100,7
1566,1566,1566,35,100,17
1567,1567,1567,20,28.88,12
1568,1568,1568,45,47.49,11
1569,1569,1569,33,41.85,14
1570,1570,1570,21,78.89,6
1571,1571,1571,44,100,9
1572,1572,1572,25,100,13
1573,1573,1573,41,100,1
1574,1574,1574,48,100,4
1575,1575,1575,29,57.73,7
1576,1576,1576,25,100,5
1577,1577,1577,25,99.29,10
1578,1578,1578,44,59.87,14
1579,1579,1579,25,100,6
1580,1580,1580,20,40.66,2
1581,1581,1581,29,82.83,8
1582,1582,1582,31,55.19,3
1583,1583,1583,36,77.57,12
1584,1584,1584,27,85.98,11
1585,1585,1585,41,100,5
1586,1586,1586,27,100,6
1587,1587,1587,24,100,4
1588,1588,1588,23,100,13
1589,1589,1589,43,100,1
1590,1590,1590,36,100,3
1591,1591,1591,31,100,8
1592,1592,1592,29,46.82,11
1593,1593,1593,39,100,10
1594,1594,1594,36,59.65,9
1595,1595,1595,38,100,12
1596,1596,1596,37,66.78,7
1597,1597,1597,43,86.61,2
1598,1598,1598,25,100,6
1599,1599,1599,21,98.06,4
1600,1600,1600,46,100,3
1601,1601,1601,34,100,14
1602,1602,1602,42,100,13
1603,1603,1603,34,92.94,8
1604,1604,1604,33,72.96,5
1605,1605,1605,45,78.67,9
1606,1606,1606,20,94.14,2
1607,1607,1607,47,65.77,7
1608,1608,1608,22,88.15,10
1609,1609,1609,38,89.38,11
1610,1610,1610,43,57.61,1
1611,1611,1611,33,51.32,12
1612,1612,1612,45,100,11
1613,1613,1613,31,71.81,1
1614,1614,1614,22,100,3
1615,1615,1615,30,73.99,12
1616,1616,1616,39,71.67,13
1617,1617,1617,21,55.96,10
1618,1618,1618,21,71,2
1619,1619,1619,50,81.86,4
1620,1620,1620,33,51.93,5
1621,1621,1621,24,83.12,6
1622,1622,1622,45,100,8
1623,1623,1623,25,69.6,7
1624,1624,1624,32,64.41,9
1625,1625,1625,36,100,6
1626,1626,1626,47,100,9
1627,1627,1627,27,100,8
1628,1628,1628,49,100,5
1629,1629,1629,20,49.06,10
1630,1630,1630,34,100,7
1631,1631,1631,39,70.08,11
1632,1632,1632,38,59.56,3
1633,1633,1633,37,98.89,12
1634,1634,1634,37,41.03,1
1635,1635,1635,26,100,4
1636,1636,1636,39,78.92,2
1637,1637,1637,45,100,13
1638,1638,1638,38,57.2,1
1639,1639,1639,21,100,12
1640,1640,1640,45,100,10
1641,1641,1641,41,69.43,13
1642,1642,1642,23,100,9
1643,1643,1643,41,100,4
1644,1644,1644,44,82.39,8
1645,1645,1645,24,100,3
1646,1646,1646,44,100,1
1647,1647,1647,36,100,5
1648,1648,1648,43,70.76,15
1649,1649,1649,40,100,14
1650,1650,1650,27,100,2
1651,1651,1651,34,100,17
1652,1652,1652,36,39.65,6
1653,1653,1653,20,67.97,11
1654,1654,1654,36,100,7
1655,1655,1655,40,88.12,16
1656,1656,1656,20,100,14
1657,1657,1657,32,100,5
1658,1658,1658,28,61.75,4
1659,1659,1659,31,100,2
1660,1660,1660,35,80.99,6
1661,1661,1661,23,73.41,7
1662,1662,1662,36,66.14,11
1663,1663,1663,50,52.32,13
1664,1664,1664,29,38.17,1
1665,1665,1665,35,80.87,9
1666,1666,1666,48,100,8
1667,1667,1667,34,68.49,10
1668,1668,1668,41,100,12
1669,1669,1669,33,40.62,3
1670,1670,1670,38,100,2
1671,1671,1671,24,56.07,1
1672,1672,1672,43,100,3
1673,1673,1673,45,48.38,4
1674,1674,1674,26,96.23,2
1675,1675,1675,45,100,1
1676,1676,1676,37,100,11
1677,1677,1677,30,100,4
1678,1678,1678,41,100,8
1679,1679,1679,41,100,10
1680,1680,1680,26,57.73,2
1681,1681,1681,47,100,12
1682,1682,1682,37,50.59,14
1683,1683,1683,23,100,13
1684,1684,1684,48,100,5
1685,1685,1685,29,51.82,9
1686,1686,1686,48,100,1
1687,1687,1687,26,83.79,3
1688,1688,1688,32,71.75,7
1689,1689,1689,28,100,6
1690,1690,1690,21,100,8
1691,1691,1691,26,100,7
1692,1692,1692,41,100,11
1693,1693,1693,21,100,12
1694,1694,1694,44,100,2
1695,1695,1695,40,53.75,5
1696,1696,1696,39,30.06,9
1697,1697,1697,27,100,4
1698,1698,1698,50,46.53,10
1699,1699,1699,31,67.73,3
1700,1700,1700,41,100,6
1701,1701,1701,35,55.07,1
1702,1702,1702,46,100,8
1703,1703,1703,24,100,9
1704,1704,1704,45,100,7
1705,1705,1705,24,100,4
1706,1706,1706,22,100,6
1707,1707,1707,49,100,3
1708,1708,1708,21,100,2
1709,1709,1709,29,71.89,5
1710,1710,1710,32,60.06,1
1711,1711,1711,45,100,1
1712,1712,1712,24,100,1
1713,1713,1713,46,84.97,3
1714,1714,1714,26,75.34,4
1715,1715,1715,44,58.55,2
1716,1716,1716,34,100,5
1717,1717,1717,36,100,7
1718,1718,1718,21,96.34,13
1719,1719,1719,22,84.7,12
1720,1720,1720,21,71.25,8
1721,1721,1721,31,53.92,9
1722,1722,1722,22,77.15,14
1723,1723,1723,32,71.65,6
1724,1724,1724,26,48.44,1
1725,1725,1725,42,100,2
1726,1726,1726,34,100,11
1727,1727,1727,24,100,4
1728,1728,1728,22,80.8,3
1729,1729,1729,47,86.62,5
1730,1730,1730,21,45.19,10
1731,1731,1731,25,82.79,4
1732,1732,1732,32,100,6
1733,1733,1733,32,65.51,1
1734,1734,1734,23,72.45,5
1735,1735,1735,26,100,2
1736,1736,1736,28,79.8,7
1737,1737,1737,35,100,3
1738,1738,1738,39,96.34,1
1739,1739,1739,32,48.46,2
1740,1740,1740,23,100,9
1741,1741,1741,29,100,11
1742,1742,1742,24,100,8
1743,1743,1743,39,55.95,3
1744,1744,1744,49,100,2
1745,1745,1745,47,100,10
1746,1746,1746,33,66.49,6
1747,1747,1747,32,80.84,1
1748,1748,1748,24,42.24,4
1749,1749,1749,38,100,7
1750,1750,1750,44,80.55,5
1751,1751,1751,33,100,5
1752,1752,1752,29,100,3
1753,1753,1753,22,76.61,6
1754,1754,1754,23,100,2
1755,1755,1755,41,92.4,1
1756,1756,1756,49,78.8,8
1757,1757,1757,23,100,7
1758,1758,1758,31,58.78,4
1759,1759,1759,37,100,8
1760,1760,1760,32,100,4
1761,1761,1761,47,100,7
1762,1762,1762,22,100,5
1763,1763,1763,23,100,9
1764,1764,1764,39,100,6
1765,1765,1765,27,72.02,1
1766,1766,1766,22,51.32,3
1767,1767,1767,48,34.36,10
1768,1768,1768,22,96.37,2
1769,1769,1769,50,100,11
1770,1770,1770,43,100,1
1771,1771,1771,38,89.27,2
1772,1772,1772,23,72.7,3
1773,1773,1773,49,100,5
1774,1774,1774,45,100,4
1775,1775,1775,48,74.48,6
1776,1776,1776,46,49.04,2
1777,1777,1777,24,40.21,1
1778,1778,1778,47,100,6
1779,1779,1779,39,100,3
1780,1780,1780,46,98,5
1781,1781,1781,37,95.55,13
1782,1782,1782,37,48.52,12
1783,1783,1783,24,100,17
1784,1784,1784,20,100,14
1785,1785,1785,46,100,7
1786,1786,1786,24,64.96,9
1787,1787,1787,26,85.87,8
1788,1788,1788,38,100,11
1789,1789,1789,34,49.3,4
1790,1790,1790,23,30.2,16
1791,1791,1791,44,39.42,15
1792,1792,1792,33,100,10
1793,1793,1793,36,73.04,2
1794,1794,1794,40,100,1
1795,1795,1795,38,100,13
1796,1796,1796,38,100,5
1797,1797,1797,27,100,4
1798,1798,1798,36,100,8
1799,1799,1799,41,53.48,11
1800,1800,1800,37,100,9
1801,1801,1801,22,99.29,14
1802,1802,1802,45,61.85,2
1803,1803,1803,24,100,10
1804,1804,1804,48,31.47,6
1805,1805,1805,36,100,1
1806,1806,1806,28,100,12
1807,1807,1807,40,57.9,7
1808,1808,1808,42,100,3
1809,1809,1809,31,100,13
1810,1810,1810,34,100,14
1811,1811,1811,20,100,12
1812,1812,1812,32,100,9
1813,1813,1813,40,91.76,11
1814,1814,1814,23,100,16
1815,1815,1815,39,90.4,8
1816,1816,1816,29,100,7
1817,1817,1817,31,84.08,2
1818,1818,1818,46,50.33,17
1819,1819,1819,34,60.34,15
1820,1820,1820,50,54,3
1821,1821,1821,38,91.81,10
1822,1822,1822,43,75.17,1
1823,1823,1823,32,90.15,4
1824,1824,1824,30,100,5
1825,1825,1825,35,59.51,6
1826,1826,1826,22,100,9
1827,1827,1827,39,100,1
1828,1828,1828,31,83.44,7
1829,1829,1829,48,86.81,6
1830,1830,1830,25,75.36,2
1831,1831,1831,22,71.67,3
1832,1832,1832,22,91.41,8
1833,1833,1833,34,97.76,5
1834,1834,1834,34,53.63,4
1835,1835,1835,34,100,2
1836,1836,1836,20,100,1
1837,1837,1837,27,82.79,7
1838,1838,1838,34,52.09,3
1839,1839,1839,31,100,9
1840,1840,1840,47,63.22,4
1841,1841,1841,43,76.43,16
1842,1842,1842,44,83.32,8
1843,1843,1843,24,79.91,5
1844,1844,1844,46,66.04,10
1845,1845,1845,47,43.64,11
1846,1846,1846,21,100,12
1847,1847,1847,35,88.75,14
1848,1848,1848,31,100,6
1849,1849,1849,21,87.2,13
1850,1850,1850,39,68.11,15
1851,1851,1851,41,100,5
1852,1852,1852,26,100,4
1853,1853,1853,21,100,6
1854,1854,1854,24,56.1,2
1855,1855,1855,50,84.7,3
1856,1856,1856,28,88.68,1
1857,1857,1857,33,100,10
1858,1858,1858,24,100,8
1859,1859,1859,49,81.4,11
1860,1860,1860,25,100,7
1861,1861,1861,37,100,2
1862,1862,1862,20,91.63,6
1863,1863,1863,24,100,1
1864,1864,1864,48,100,3
1865,1865,1865,27,80.41,13
1866,1866,1866,49,100,12
1867,1867,1867,42,67.14,16
1868,1868,1868,40,100,15
1869,1869,1869,33,41.91,4
1870,1870,1870,38,56.94,9
1871,1871,1871,45,100,5
1872,1872,1872,49,97.01,14
1873,1873,1873,36,43.05,17
1874,1874,1874,29,100,9
1875,1875,1875,43,100,10
1876,1876,1876,32,100,11
1877,1877,1877,41,81.91,1
1878,1878,1878,25,66.99,2
1879,1879,1879,26,87.45,6
1880,1880,1880,45,49.3,8
1881,1881,1881,28,93.6,4
1882,1882,1882,43,100,3
1883,1883,1883,25,83.04,5
1884,1884,1884,46,92.09,7
1885,1885,1885,48,100,3
1886,1886,1886,32,100,2
1887,1887,1887,43,89.38,10
1888,1888,1888,25,44.21,9
1889,1889,1889,48,100,17
1890,1890,1890,30,61.15,16
1891,1891,1891,31,100,14
1892,1892,1892,25,100,11
1893,1893,1893,37,100,4
1894,1894,1894,35,53.72,6
1895,1895,1895,38,100,5
1896,1896,1896,33,100,8
1897,1897,1897,39,56.85,1
1898,1898,1898,39,29.54,13
1899,1899,1899,23,37.63,12
1900,1900,1900,31,35.29,15
1901,1901,1901,44,100,7
1902,1902,1902,40,100,7
1903,1903,1903,21,100,11
1904,1904,1904,29,100,2
1905,1905,1905,34,52.87,5
1906,1906,1906,25,100,3
1907,1907,1907,28,100,8
1908,1908,1908,42,100,4
1909,1909,1909,27,87.64,6
1910,1910,1910,38,45.45,1
1911,1911,1911,34,56.24,10
1912,1912,1912,30,99.13,9
1913,1913,1913,38,100,5
1914,1914,1914,46,100,6
1915,1915,1915,36,100,4
1916,1916,1916,45,100,14
1917,1917,1917,42,100,13
1918,1918,1918,20,100,1
1919,1919,1919,23,100,3
1920,1920,1920,29,100,8
1921,1921,1921,44,53.18,11
1922,1922,1922,39,37.13,15
1923,1923,1923,38,100,10
1924,1924,1924,35,66.49,9
1925,1925,1925,28,100,12
1926,1926,1926,38,61.51,7
1927,1927,1927,23,76.22,2
1928,1928,1928,36,100,7
1929,1929,1929,35,100,6
1930,1930,1930,24,86.74,1
1931,1931,1931,41,62,2
1932,1932,1932,31,86.15,3
1933,1933,1933,37,91.37,4
1934,1934,1934,40,55.69,5
1935,1935,1935,33,100,17
1936,1936,1936,27,100,9
1937,1937,1937,21,94.62,15
1938,1938,1938,47,86.81,14
1939,1939,1939,25,100,1
1940,1940,1940,34,63.71,10
1941,1941,1941,47,76.93,11
1942,1942,1942,25,92.25,16
1943,1943,1943,30,77.79,8
1944,1944,1944,24,59.16,2
1945,1945,1945,34,47.57,3
1946,1946,1946,34,82.21,4
1947,1947,1947,45,93.24,13
1948,1948,1948,23,100,6
1949,1949,1949,48,74.45,18
1950,1950,1950,48,75.2,5
1951,1951,1951,44,62.19,7
1952,1952,1952,34,43.7,12
1953,1953,1953,35,83.32,1
1954,1954,1954,46,94.74,1
1955,1955,1955,45,100,4
1956,1956,1956,37,100,3
1957,1957,1957,31,100,9
1958,1958,1958,42,52.7,5
1959,1959,1959,48,100,2
1960,1960,1960,26,86.83,6
1961,1961,1961,47,100,7
1962,1962,1962,50,100,8
1963,1963,1963,30,100,9
1964,1964,1964,46,73.98,1
1965,1965,1965,44,59.06,4
1966,1966,1966,45,100,3
1967,1967,1967,31,81.73,7
1968,1968,1968,43,85.69,2
1969,1969,1969,29,38.22,5
1970,1970,1970,22,100,8
1971,1971,1971,45,77.29,6
1972,1972,1972,31,100,3
1973,1973,1973,35,100,1
1974,1974,1974,38,73.42,4
1975,1975,1975,25,100,5
1976,1976,1976,26,61.23,2
1977,1977,1977,24,100,15
1978,1978,1978,41,100,10
1979,1979,1979,44,100,6
1980,1980,1980,37,78.54,14
1981,1981,1981,25,100,9
1982,1982,1982,27,100,7
1983,1983,1983,33,100,11
1984,1984,1984,28,100,8
1985,1985,1985,30,70.55,3
1986,1986,1986,48,42.26,5
1987,1987,1987,30,72.7,1
1988,1988,1988,37,33.23,12
1989,1989,1989,39,84.75,2
1990,1990,1990,21,89.95,4
1991,1991,1991,26,100,13
1992,1992,1992,40,100,1
1993,1993,1993,46,61.99,8
1994,1994,1994,27,100,9
1995,1995,1995,22,100,10
1996,1996,1996,43,86.3,14
1997,1997,1997,41,57.68,5
1998,1998,1998,50,100,6
1999,1999,1999,35,61.21,11
2000,2000,2000,36,100,2
2001,2001,2001,33,100,12
2002,2002,2002,41,29.87,13
2003,2003,2003,48,47.04,7
2004,2004,2004,20,100,3
2005,2005,2005,30,100,4
2006,2006,2006,33,91.27,2
2007,2007,2007,47,100,1
2008,2008,2008,27,54.33,1
2009,2009,2009,26,58.38,7
2010,2010,2010,47,100,8
2011,2011,2011,33,37.48,10
2012,2012,2012,27,100,12
2013,2013,2013,49,100,13
2014,2014,2014,38,100,6
2015,2015,2015,25,69.16,14
2016,2016,2016,31,100,2
2017,2017,2017,30,100,9
2018,2018,2018,33,100,3
2019,2019,2019,20,98.18,11
2020,2020,2020,48,100,4
2021,2021,2021,34,100,5
2022,2022,2022,47,64.93,6
2023,2023,2023,42,64,8
2024,2024,2024,24,100,1
2025,2025,2025,24,69.12,9
2026,2026,2026,44,100,5
2027,2027,2027,38,100,3
2028,2028,2028,28,100,2
2029,2029,2029,38,100,4
2030,2030,2030,44,100,7
2031,2031,2031,32,100,6
2032,2032,2032,50,86.01,5
2033,2033,2033,41,100,4
2034,2034,2034,41,85.85,3
2035,2035,2035,20,92.25,2
2036,2036,2036,39,60,1
2037,2037,2037,25,100,6
2038,2038,2038,45,100,8
2039,2039,2039,25,45.86,5
2040,2040,2040,20,100,7
2041,2041,2041,21,96.31,1
2042,2042,2042,43,80,2
2043,2043,2043,37,86.61,3
2044,2044,2044,37,86.74,4
2045,2045,2045,34,100,6
2046,2046,2046,47,87.54,14
2047,2047,2047,48,58.92,1
2048,2048,2048,20,72.98,2
2049,2049,2049,35,76.43,3
2050,2050,2050,43,60.86,4
2051,2051,2051,24,81.17,5
2052,2052,2052,34,51.93,7
2053,2053,2053,27,100,8
2054,2054,2054,41,100,9
2055,2055,2055,37,100,10
2056,2056,2056,33,100,11
2057,2057,2057,33,64,13
2058,2058,2058,39,85.87,12
2059,2059,2059,42,100,1
2060,2060,2060,20,100,2
2061,2061,2061,26,100,3
2062,2062,2062,41,71.47,5
2063,2063,2063,24,100,6
2064,2064,2064,46,83.63,13
2065,2065,2065,33,100,14
2066,2066,2066,39,64.74,15
2067,2067,2067,29,100,9
2068,2068,2068,38,100,12
2069,2069,2069,38,59.1,10
2070,2070,2070,30,87.78,7
2071,2071,2071,37,94.43,4
2072,2072,2072,45,63.91,11
2073,2073,2073,44,86.13,8
2074,2074,2074,37,100,3
2075,2075,2075,29,69.63,2
2076,2076,2076,50,100,4
2077,2077,2077,42,81.03,1
2078,2078,2078,46,100,6
2079,2079,2079,44,100,14
2080,2080,2080,44,74.04,7
2081,2081,2081,30,32.47,8
2082,2082,2082,26,64.9,10
2083,2083,2083,27,100,11
2084,2084,2084,26,67.91,12
2085,2085,2085,27,42.24,13
2086,2086,2086,25,100,9
2087,2087,2087,21,100,1
2088,2088,2088,41,100,2
2089,2089,2089,28,100,3
2090,2090,2090,32,100,4
2091,2091,2091,20,100,5
2092,2092,2092,46,95.13,15
2093,2093,2093,27,89.89,16
2094,2094,2094,38,84.25,9
2095,2095,2095,35,64.69,8
2096,2096,2096,24,52.67,1
2097,2097,2097,26,100,17
2098,2098,2098,40,39.8,18
2099,2099,2099,50,100,2
2100,2100,2100,21,100,3
2101,2101,2101,23,56.84,4
2102,2102,2102,20,87.96,5
2103,2103,2103,45,81.91,6
2104,2104,2104,26,85.52,10
2105,2105,2105,39,86.72,7
2106,2106,2106,44,42.26,11
2107,2107,2107,45,34.19,12
2108,2108,2108,31,37.18,13
2109,2109,2109,41,77.24,14
2110,2110,2110,26,100,3
2111,2111,2111,33,99.21,6
2112,2112,2112,29,40.25,7
2113,2113,2113,31,90.17,5
2114,2114,2114,46,100,2
2115,2115,2115,24,79.86,8
2116,2116,2116,39,100,1
2117,2117,2117,33,73.69,4
2118,2118,2118,26,100,2
2119,2119,2119,46,100,6
2120,2120,2120,34,61.38,1
2121,2121,2121,20,100,3
2122,2122,2122,49,100,4
2123,2123,2123,42,100,5
2124,2124,2124,33,37.13,2
2125,2125,2125,44,100,1
2126,2126,2126,40,60.6,3
2127,2127,2127,33,57.22,10
2128,2128,2128,33,100,11
2129,2129,2129,49,63.38,1
2130,2130,2130,38,100,3
2131,2131,2131,49,100,6
2132,2132,2132,48,100,12
2133,2133,2133,21,100,7
2134,2134,2134,45,100,4
2135,2135,2135,31,100,5
2136,2136,2136,31,84.71,9
2137,2137,2137,23,100,8
2138,2138,2138,46,100,2
2139,2139,2139,25,48.05,8
2140,2140,2140,36,100,3
2141,2141,2141,29,100,2
2142,2142,2142,29,71.97,4
2143,2143,2143,21,100,6
2144,2144,2144,36,70.3,9
2145,2145,2145,31,89.38,1
2146,2146,2146,36,71.89,7
2147,2147,2147,42,97.16,5
2148,2148,2148,41,100,1
2149,2149,2149,28,82.58,3
2150,2150,2150,45,100,2
2151,2151,2151,40,68.92,4
2152,2152,2152,39,76.67,3
2153,2153,2153,27,100,2
2154,2154,2154,30,62.16,1
2155,2155,2155,27,84.39,10
2156,2156,2156,21,50.65,7
2157,2157,2157,55,100,12
2158,2158,2158,55,100,13
2159,2159,2159,29,99.69,14
2160,2160,2160,42,59.36,16
2161,2161,2161,45,96.92,11
2162,2162,2162,22,100,5
2163,2163,2163,55,71.25,15
2164,2164,2164,50,74.35,9
2165,2165,2165,50,57.86,8
2166,2166,2166,27,76.31,6
2167,2167,2167,55,79.98,8
2168,2168,2168,40,84.77,1
2169,2169,2169,55,100,2
2170,2170,2170,39,59.16,3
2171,2171,2171,40,50.62,4
2172,2172,2172,30,88.6,5
2173,2173,2173,55,87.75,7
2174,2174,2174,29,100,6
2175,2175,2175,41,100,9
2176,2176,2176,45,79.65,2
2177,2177,2177,55,100,8
2178,2178,2178,44,95.93,1
2179,2179,2179,36,93.56,10
2180,2180,2180,55,75.2,7
2181,2181,2181,32,100,6
2182,2182,2182,31,71.02,4
2183,2183,2183,38,100,3
2184,2184,2184,34,100,5
2185,2185,2185,40,100,2
2186,2186,2186,55,65.45,1
2187,2187,2187,22,100,3
2188,2188,2188,30,100,4
2189,2189,2189,25,66.74,5
2190,2190,2190,55,100,7
2191,2191,2191,26,55.95,8
2192,2192,2192,38,100,11
2193,2193,2193,39,40.4,9
2194,2194,2194,48,62.45,10
2195,2195,2195,42,100,6
2196,2196,2196,36,100,4
2197,2197,2197,25,52.32,3
2198,2198,2198,44,84.88,2
2199,2199,2199,27,36.21,6
2200,2200,2200,30,100,1
2201,2201,2201,29,100,5
2202,2202,2202,45,100,1
2203,2203,2203,40,56.91,2
2204,2204,2204,30,100,3
2205,2205,2205,21,100,4
2206,2206,2206,26,63.43,5
2207,2207,2207,29,59.53,7
2208,2208,2208,20,35.18,6
2209,2209,2209,43,53.76,1
2210,2210,2210,42,36.11,3
2211,2211,2211,25,100,1
2212,2212,2212,24,87.24,5
2213,2213,2213,24,100,2
2214,2214,2214,26,95.88,6
2215,2215,2215,22,97.44,4
2216,2216,2216,30,100,1
2217,2217,2217,27,100,2
2218,2218,2218,29,100,3
2219,2219,2219,42,49.6,5
2220,2220,2220,21,58.95,7
2221,2221,2221,50,100,8
2222,2222,2222,21,100,6
2223,2223,2223,48,100,9
2224,2224,2224,34,64.96,10
2225,2225,2225,45,100,11
2226,2226,2226,26,100,12
2227,2227,2227,45,100,4
2228,2228,2228,48,52.36,8
2229,2229,2229,47,100,4
2230,2230,2230,29,100,6
2231,2231,2231,37,100,1
2232,2232,2232,39,50.31,2
2233,2233,2233,42,100,3
2234,2234,2234,31,100,5
2235,2235,2235,32,82.83,7
2236,2236,2236,26,100,10
2237,2237,2237,48,100,9
2238,2238,2238,38,100,8
2239,2239,2239,38,100,7
2240,2240,2240,48,100,6
2241,2241,2241,34,100,5
2242,2242,2242,48,47.4,4
2243,2243,2243,36,37.13,3
2244,2244,2244,23,100,2
2245,2245,2245,33,46.53,1
2246,2246,2246,26,75.47,5
2247,2247,2247,43,64.97,6
2248,2248,2248,44,100,1
2249,2249,2249,41,93.04,2
2250,2250,2250,30,100,3
2251,2251,2251,34,50.33,7
2252,2252,2252,30,100,9
2253,2253,2253,25,60.34,10
2254,2254,2254,27,100,14
2255,2255,2255,31,71.4,8
2256,2256,2256,44,100,17
2257,2257,2257,46,76.67,11
2258,2258,2258,28,100,4
2259,2259,2259,29,75.35,12
2260,2260,2260,31,77.34,13
2261,2261,2261,25,100,16
2262,2262,2262,20,100,15
2263,2263,2263,39,99.52,1
2264,2264,2264,20,100,2
2265,2265,2265,25,74.68,5
2266,2266,2266,38,68.38,4
2267,2267,2267,34,59.37,3
2268,2268,2268,23,100,3
2269,2269,2269,49,100,2
2270,2270,2270,22,75.51,1
2271,2271,2271,49,52.64,4
2272,2272,2272,27,100,1
2273,2273,2273,28,71.73,2
2274,2274,2274,35,89.9,3
2275,2275,2275,46,81.17,5
2276,2276,2276,40,44.51,7
2277,2277,2277,40,82.21,8
2278,2278,2278,39,100,9
2279,2279,2279,48,68.8,4
2280,2280,2280,43,81.95,6
2281,2281,2281,23,100,7
2282,2282,2282,31,53.47,1
2283,2283,2283,25,100,2
2284,2284,2284,41,70.65,3
2285,2285,2285,36,38.52,4
2286,2286,2286,44,62.45,6
2287,2287,2287,32,100,8
2288,2288,2288,28,95.39,9
2289,2289,2289,38,39.83,10
2290,2290,2290,40,100,5
2291,2291,2291,43,97.6,8
2292,2292,2292,50,50.18,9
2293,2293,2293,22,72.41,6
2294,2294,2294,27,64.69,2
2295,2295,2295,29,100,3
2296,2296,2296,30,100,1
2297,2297,2297,48,100,5
2298,2298,2298,26,31.86,7
2299,2299,2299,26,100,4
2300,2300,2300,32,100,10
2301,2301,2301,43,100,9
2302,2302,2302,49,100,8
2303,2303,2303,39,98,1
2304,2304,2304,41,61.99,7
2305,2305,2305,41,87.13,6
2306,2306,2306,49,70.58,5
2307,2307,2307,44,100,4
2308,2308,2308,25,100,3
2309,2309,2309,28,100,2
2310,2310,2310,49,55.34,5
2311,2311,2311,42,64.16,9
2312,2312,2312,20,100,10
2313,2313,2313,20,36.42,11
2314,2314,2314,32,93.49,12
2315,2315,2315,25,100,13
2316,2316,2316,30,100,8
2317,2317,2317,44,60.76,14
2318,2318,2318,41,100,7
2319,2319,2319,36,82.94,4
2320,2320,2320,41,100,6
2321,2321,2321,41,100,1
2322,2322,2322,36,100,2
2323,2323,2323,27,100,3
2324,2324,2324,48,54.68,6
2325,2325,2325,42,100,8
2326,2326,2326,49,62.09,5
2327,2327,2327,22,100,7
2328,2328,2328,36,100,3
2329,2329,2329,22,100,1
2330,2330,2330,46,100,2
2331,2331,2331,25,64.93,4
2332,2332,2332,20,72.55,13
2333,2333,2333,26,51.15,8
2334,2334,2334,34,100,6
2335,2335,2335,26,100,7
2336,2336,2336,25,62.46,1
2337,2337,2337,49,72.33,2
2338,2338,2338,33,82.59,3
2339,2339,2339,20,60.54,4
2340,2340,2340,24,45.39,14
2341,2341,2341,26,100,9
2342,2342,2342,44,72.42,5
2343,2343,2343,44,100,10
2344,2344,2344,35,100,11
2345,2345,2345,23,95.2,12
2346,2346,2346,22,100,4
2347,2347,2347,22,100,1
2348,2348,2348,23,49.67,3
2349,2349,2349,50,96.92,2
2350,2350,2350,33,85.39,3
2351,2351,2351,34,96.73,4
2352,2352,2352,34,81.62,5
2353,2353,2353,46,88.45,6
2354,2354,2354,22,100,7
2355,2355,2355,46,60.3,10
2356,2356,2356,24,100,11
2357,2357,2357,32,89.12,12
2358,2358,2358,28,58.18,13
2359,2359,2359,21,100,8
2360,2360,2360,43,61.23,14
2361,2361,2361,21,100,15
2362,2362,2362,31,94.58,1
2363,2363,2363,43,100,9
2364,2364,2364,50,100,2
2365,2365,2365,48,48.28,1
2366,2366,2366,30,87.06,1
2367,2367,2367,22,100,3
2368,2368,2368,44,100,2
2369,2369,2369,34,100,3
2370,2370,2370,49,100,2
2371,2371,2371,34,100,1
2372,2372,2372,49,56.3,1
2373,2373,2373,37,100,3
2374,2374,2374,45,100,4
2375,2375,2375,27,100,5
2376,2376,2376,32,94.79,7
2377,2377,2377,46,100,6
2378,2378,2378,43,62.72,8
2379,2379,2379,44,85.25,9
2380,2380,2380,21,60.37,10
2381,2381,2381,38,38.5,11
2382,2382,2382,23,36.29,13
2383,2383,2383,28,30.59,12
2384,2384,2384,36,100,2
2385,2385,2385,40,100,2
2386,2386,2386,31,100,5
2387,2387,2387,46,79.62,1
2388,2388,2388,20,99.58,4
2389,2389,2389,46,37.34,3
2390,2390,2390,41,100,2
2391,2391,2391,44,100,8
2392,2392,2392,32,98.63,7
2393,2393,2393,42,100,1
2394,2394,2394,28,44.21,6
2395,2395,2395,21,94.22,5
2396,2396,2396,45,73.08,4
2397,2397,2397,40,86.92,3
2398,2398,2398,35,65.63,4
2399,2399,2399,49,100,8
2400,2400,2400,27,100,1
2401,2401,2401,22,100,5
2402,2402,2402,22,96.86,7
2403,2403,2403,27,56.85,9
2404,2404,2404,29,57.53,6
2405,2405,2405,20,100,2
2406,2406,2406,25,100,3
2407,2407,2407,32,100,6
2408,2408,2408,49,35.71,4
2409,2409,2409,25,100,7
2410,2410,2410,25,97.27,12
2411,2411,2411,20,100,5
2412,2412,2412,45,100,8
2413,2413,2413,28,50.32,9
2414,2414,2414,26,100,1
2415,2415,2415,20,66.47,2
2416,2416,2416,30,99.55,11
2417,2417,2417,48,56.55,10
2418,2418,2418,34,100,3
2419,2419,2419,40,100,4
2420,2420,2420,34,100,1
2421,2421,2421,28,100,3
2422,2422,2422,25,84.71,5
2423,2423,2423,48,100,6
2424,2424,2424,41,86.89,7
2425,2425,2425,37,100,8
2426,2426,2426,24,58.58,9
2427,2427,2427,44,100,2
2428,2428,2428,39,100,3
2429,2429,2429,28,57.55,4
2430,2430,2430,22,86.74,5
2431,2431,2431,50,60.49,6
2432,2432,2432,38,70.44,7
2433,2433,2433,33,57.32,12
2434,2434,2434,46,66,11
2435,2435,2435,23,100,10
2436,2436,2436,39,73,13
2437,2437,2437,44,100,14
2438,2438,2438,32,84.41,15
2439,2439,2439,41,70.33,16
2440,2440,2440,34,96.34,2
2441,2441,2441,37,100,8
2442,2442,2442,45,55.62,17
2443,2443,2443,25,64.97,9
2444,2444,2444,29,100,1
2445,2445,2445,39,100,5
2446,2446,2446,22,100,1
2447,2447,2447,42,69.27,2
2448,2448,2448,22,53.3,4
2449,2449,2449,38,100,6
2450,2450,2450,46,94.1,3
2451,2451,2451,21,34.91,12
2452,2452,2452,45,76,7
2453,2453,2453,49,78.92,13
2454,2454,2454,23,100,9
2455,2455,2455,20,100,14
2456,2456,2456,43,100,2
2457,2457,2457,37,100,3
2458,2458,2458,44,82.26,4
2459,2459,2459,41,100,15
2460,2460,2460,49,65.8,5
2461,2461,2461,49,100,8
2462,2462,2462,37,81.87,6
2463,2463,2463,33,100,1
2464,2464,2464,25,66.73,10
2465,2465,2465,44,100,11
2466,2466,2466,35,100,1
2467,2467,2467,24,67.83,5
2468,2468,2468,50,100,1
2469,2469,2469,35,100,2
2470,2470,2470,31,67.76,4
2471,2471,2471,36,100,6
2472,2472,2472,39,100,3
2473,2473,2473,34,42.64,5
2474,2474,2474,22,100,4
2475,2475,2475,43,96.49,10
2476,2476,2476,28,100,9
2477,2477,2477,49,67.14,8
2478,2478,2478,41,100,7
2479,2479,2479,46,41.54,6
2480,2480,2480,33,53.27,3
2481,2481,2481,41,100,2
2482,2482,2482,40,82.46,1
2483,2483,2483,39,100,2
2484,2484,2484,27,49.3,1
2485,2485,2485,29,100,5
2486,2486,2486,32,70.83,4
2487,2487,2487,32,100,3
2488,2488,2488,27,93.16,13
2489,2489,2489,40,100,10
2490,2490,2490,21,47.18,8
2491,2491,2491,32,100,1
2492,2492,2492,24,100,2
2493,2493,2493,34,100,3
2494,2494,2494,32,70.56,4
2495,2495,2495,27,68.35,5
2496,2496,2496,36,37.5,6
2497,2497,2497,44,36.29,7
2498,2498,2498,44,79.06,9
2499,2499,2499,34,100,11
2500,2500,2500,43,95.03,12
2501,2501,2501,36,100,3
2502,2502,2502,37,100,6
2503,2503,2503,20,100,1
2504,2504,2504,48,98,2
2505,2505,2505,25,52.83,9
2506,2506,2506,35,48.62,7
2507,2507,2507,41,100,8
2508,2508,2508,40,68.08,4
2509,2509,2509,35,100,5
2510,2510,2510,34,100,10
2511,2511,2511,37,100,11
2512,2512,2512,34,95.35,12
2513,2513,2513,32,66.58,13
2514,2514,2514,25,88,5
2515,2515,2515,50,100,7
2516,2516,2516,39,100,1
2517,2517,2517,39,100,2
2518,2518,2518,20,100,3
2519,2519,2519,33,100,4
2520,2520,2520,26,100,6
2521,2521,2521,48,100,8
2522,2522,2522,34,54.84,9
2523,2523,2523,27,100,11
2524,2524,2524,24,61.52,9
2525,2525,2525,47,100,6
2526,2526,2526,26,100,12
2527,2527,2527,38,100,1
2528,2528,2528,28,58.58,7
2529,2529,2529,22,91.76,2
2530,2530,2530,40,100,3
2531,2531,2531,21,93.91,4
2532,2532,2532,32,53.18,5
2533,2533,2533,44,36.07,8
2534,2534,2534,29,100,13
2535,2535,2535,38,60.06,10
2536,2536,2536,34,100,4
2537,2537,2537,28,80.54,3
2538,2538,2538,43,97.87,2
2539,2539,2539,49,100,1
2540,2540,2540,37,85.54,2
2541,2541,2541,25,77.34,1
2542,2542,2542,25,54.57,7
2543,2543,2543,21,74.77,18
2544,2544,2544,37,93.01,5
2545,2545,2545,22,57.55,6
2546,2546,2546,33,41.71,11
2547,2547,2547,39,55.96,1
2548,2548,2548,35,63.76,9
2549,2549,2549,41,73.32,12
2550,2550,2550,50,63.34,8
2551,2551,2551,29,85.76,13
2552,2552,2552,37,83.84,14
2553,2553,2553,37,100,10
2554,2554,2554,32,94.34,17
2555,2555,2555,45,92.08,2
2556,2556,2556,30,95.48,3
2557,2557,2557,44,86.4,15
2558,2558,2558,50,87.15,16
2559,2559,2559,43,100,4
2560,2560,2560,44,94.9,1
2561,2561,2561,42,76.36,4
2562,2562,2562,50,44.51,5
2563,2563,2563,21,86.77,7
2564,2564,2564,44,100,6
2565,2565,2565,35,100,8
2566,2566,2566,27,100,1
2567,2567,2567,46,100,2
2568,2568,2568,50,100,3
2569,2569,2569,26,99.04,4
2570,2570,2570,25,72.38,6
2571,2571,2571,36,70.26,7
2572,2572,2572,47,100,8
2573,2573,2573,49,79.22,3
2574,2574,2574,39,100,5
2575,2575,2575,45,100,1
2576,2576,2576,49,81.4,2
2577,2577,2577,36,93.77,14
2578,2578,2578,34,43.05,15
2579,2579,2579,31,98.99,16
2580,2580,2580,26,78.11,7
2581,2581,2581,40,100,9
2582,2582,2582,50,100,1
2583,2583,2583,36,100,2
2584,2584,2584,49,100,3
2585,2585,2585,35,65.13,4
2586,2586,2586,37,100,5
2587,2587,2587,46,52.84,6
2588,2588,2588,45,100,8
2589,2589,2589,30,82.42,10
2590,2590,2590,41,44.56,11
2591,2591,2591,45,48.98,12
2592,2592,2592,22,100,13
2593,2593,2593,24,100,4
2594,2594,2594,37,46.9,7
2595,2595,2595,39,63.2,9
2596,2596,2596,29,85.1,10
2597,2597,2597,35,100,2
2598,2598,2598,42,100,3
2599,2599,2599,44,38.5,5
2600,2600,2600,32,45.25,6
2601,2601,2601,33,100,8
2602,2602,2602,24,100,1
2603,2603,2603,37,59.96,3
2604,2604,2604,29,86.92,2
2605,2605,2605,36,100,1
2606,2606,2606,22,100,5
2607,2607,2607,37,100,1
2608,2608,2608,31,50.29,2
2609,2609,2609,46,38.9,6
2610,2610,2610,37,100,7
2611,2611,2611,36,62.77,3
2612,2612,2612,30,60.28,4
2613,2613,2613,32,100,2
2614,2614,2614,33,69.12,1
2615,2615,2615,46,100,4
2616,2616,2616,45,100,3
2617,2617,2617,33,100,3
2618,2618,2618,33,100,2
2619,2619,2619,24,89.75,4
2620,2620,2620,45,100,5
2621,2621,2621,49,100,6
2622,2622,2622,27,83.2,7
2623,2623,2623,37,90.57,8
2624,2624,2624,39,66.67,1
2625,2625,2625,32,80.55,5
2626,2626,2626,22,66.5,4
2627,2627,2627,48,100,3
2628,2628,2628,36,100,2
2629,2629,2629,34,62.24,1
2630,2630,2630,33,100,11
2631,2631,2631,34,76.88,15
2632,2632,2632,28,72.26,18
2633,2633,2633,45,100,17
2634,2634,2634,43,100,16
2635,2635,2635,28,57.55,3
2636,2636,2636,34,71.67,13
2637,2637,2637,41,68.24,2
2638,2638,2638,45,78.25,14
2639,2639,2639,22,67.41,4
2640,2640,2640,49,36.66,5
2641,2641,2641,47,87.69,6
2642,2642,2642,36,100,7
2643,2643,2643,22,86.76,8
2644,2644,2644,23,100,9
2645,2645,2645,29,65.6,10
2646,2646,2646,36,87.36,12
2647,2647,2647,34,40.22,1
2648,2648,2648,64,100,9
2649,2649,2649,34,100,1
2650,2650,2650,30,74.84,7
2651,2651,2651,58,100,6
2652,2652,2652,24,61.66,2
2653,2653,2653,38,57.2,3
2654,2654,2654,42,72.96,8
2655,2655,2655,46,87.8,5
2656,2656,2656,20,56.12,4
2657,2657,2657,42,76.03,3
2658,2658,2658,38,96.29,5
2659,2659,2659,64,60.05,12
2660,2660,2660,52,81.14,4
2661,2661,2661,49,100,1
2662,2662,2662,62,77.73,6
2663,2663,2663,56,35.35,7
2664,2664,2664,11,100,8
2665,2665,2665,85,88.75,10
2666,2666,2666,21,96.11,2
2667,2667,2667,77,92,9
2668,2668,2668,28,72.55,11
2669,2669,2669,45,100,1
2670,2670,2670,55,55.72,2
2671,2671,2671,59,87.6,3
2672,2672,2672,24,100,7
2673,2673,2673,66,100,9
2674,2674,2674,66,100,6
2675,2675,2675,36,52.22,1
2676,2676,2676,46,100,8
2677,2677,2677,27,79.65,4
2678,2678,2678,30,40.23,2
2679,2679,2679,45,100,5
2680,2680,2680,31,68.34,3
2681,2681,2681,97,93.28,5
2682,2682,2682,61,73.92,4
2683,2683,2683,55,100,1
2684,2684,2684,47,44.56,2
2685,2685,2685,76,100,3
2686,2686,2686,61,100,3
2687,2687,2687,48,100,2
2688,2688,2688,65,100,1
2689,2689,2689,59,100,11
2690,2690,2690,76,100,2
2691,2691,2691,42,72.65,1
2692,2692,2692,41,100,12
2693,2693,2693,6,90.19,3
2694,2694,2694,66,66.99,4
2695,2695,2695,26,76.43,8
2696,2696,2696,64,40.25,10
2697,2697,2697,76,94.5,6
2698,2698,2698,59,98.65,5
2699,2699,2699,13,81.33,7
2700,2700,2700,43,86.73,9
2701,2701,2701,15,36.93,1
2702,2702,2702,6,100,2
2703,2703,2703,61,29.54,1
2704,2704,2704,23,100,9
2705,2705,2705,27,100,2
2706,2706,2706,40,100,6
2707,2707,2707,27,100,8
2708,2708,2708,46,100,3
2709,2709,2709,35,59.87,7
2710,2710,2710,26,100,1
2711,2711,2711,27,69.16,5
2712,2712,2712,34,100,4
2713,2713,2713,54,100,5
2714,2714,2714,41,100,4
2715,2715,2715,56,98.18,8
2716,2716,2716,47,61.99,11
2717,2717,2717,60,100,9
2718,2718,2718,21,52.6,2
2719,2719,2719,70,100,10
2720,2720,2720,30,36.07,6
2721,2721,2721,31,100,1
2722,2722,2722,19,48.7,7
2723,2723,2723,26,100,3
2724,2724,2724,36,100,2
2725,2725,2725,47,100,3
2726,2726,2726,22,100,1
2727,2727,2727,49,100,5
2728,2728,2728,24,49.71,6
2729,2729,2729,51,63.85,4
2730,2730,2730,19,100,3
2731,2731,2731,44,73.98,1
2732,2732,2732,41,100,12
2733,2733,2733,48,100,14
2734,2734,2734,16,75.48,11
2735,2735,2735,23,100,10
2736,2736,2736,60,100,5
2737,2737,2737,51,76.31,2
2738,2738,2738,37,71.34,6
2739,2739,2739,34,100,13
2740,2740,2740,31,75.89,4
2741,2741,2741,28,100,7
2742,2742,2742,27,90.37,8
2743,2743,2743,47,65.52,9
2744,2744,2744,51,100,5
2745,2745,2745,21,67.82,1
2746,2746,2746,18,69.7,2
2747,2747,2747,32,95.95,4
2748,2748,2748,42,57.61,3
2749,2749,2749,24,100,14
2750,2750,2750,15,98.84,4
2751,2751,2751,47,88.63,6
2752,2752,2752,32,87.6,1
2753,2753,2753,18,75.06,13
2754,2754,2754,48,74.62,5
2755,2755,2755,45,100,2
2756,2756,2756,26,61.22,7
2757,2757,2757,37,51.93,8
2758,2758,2758,23,91.34,9
2759,2759,2759,22,100,11
2760,2760,2760,41,100,3
2761,2761,2761,39,67.2,10
2762,2762,2762,43,62.19,12
2763,2763,2763,66,100,2
2764,2764,2764,45,100,5
2765,2765,2765,56,100,4
2766,2766,2766,21,100,1
2767,2767,2767,36,61.18,6
2768,2768,2768,35,100,3
2769,2769,2769,12,100,13
2770,2770,2770,10,100,11
2771,2771,2771,34,90.17,14
2772,2772,2772,32,100,10
2773,2773,2773,38,100,5
2774,2774,2774,37,100,1
2775,2775,2775,39,83.93,9
2776,2776,2776,34,100,4
2777,2777,2777,55,100,2
2778,2778,2778,35,100,6
2779,2779,2779,43,100,3
2780,2780,2780,15,42.67,7
2781,2781,2781,55,52.66,12
2782,2782,2782,70,100,8
2783,2783,2783,37,100,5
2784,2784,2784,36,63.57,4
2785,2785,2785,45,100,2
2786,2786,2786,66,92.95,6
2787,2787,2787,36,57.73,7
2788,2788,2788,60,64.67,11
2789,2789,2789,37,60.37,13
2790,2790,2790,45,26.88,1
2791,2791,2791,39,100,9
2792,2792,2792,55,96.3,8
2793,2793,2793,35,96.74,10
2794,2794,2794,26,100,12
2795,2795,2795,15,43.49,3
2796,2796,2796,35,100,1
2797,2797,2797,40,45.7,2
2798,2798,2798,51,95.55,2
2799,2799,2799,25,51.75,1
2800,2800,2800,10,88.14,1
2801,2801,2801,31,53.72,3
2802,2802,2802,21,84.82,2
2803,2803,2803,21,89.29,5
2804,2804,2804,28,78.89,4
2805,2805,2805,50,100,6
2806,2806,2806,49,100,3
2807,2807,2807,54,100,5
2808,2808,2808,26,59.87,4
2809,2809,2809,44,61.41,2
2810,2810,2810,46,80.92,1
2811,2811,2811,38,100,12
2812,2812,2812,33,100,4
2813,2813,2813,28,100,3
2814,2814,2814,38,99.41,7
2815,2815,2815,19,49.22,10
2816,2816,2816,28,100,8
2817,2817,2817,38,100,13
2818,2818,2818,55,46.82,1
2819,2819,2819,49,100,9
2820,2820,2820,31,33.24,5
2821,2821,2821,41,86.68,11
2822,2822,2822,11,43.83,6
2823,2823,2823,18,100,2
