Order_id,Customer_id,Order_number, Order_date, Status 
1,62,10100,2/24/2003,Shipped
2,62,10100,5/7/2003,Shipped
3,62,10100,7/1/2003,Shipped
4,62,10100,8/25/2003,Shipped
5,14,10101,10/10/2003,Shipped
6,14,10101,10/28/2003,Shipped
7,14,10101,11/11/2003,Shipped
8,14,10101,11/18/2003,Shipped
9,90,10102,12/1/2003,Shipped
10,90,10102,1/15/2004,Shipped
11,12,10103,2/20/2004,Shipped
12,12,10103,4/5/2004,Shipped
13,12,10103,5/18/2004,Shipped
14,12,10103,6/28/2004,Shipped
15,12,10103,7/23/2004,Shipped
16,12,10103,8/27/2004,Shipped
17,12,10103,9/30/2004,Shipped
18,12,10103,10/15/2004,Shipped
19,12,10103,11/2/2004,Shipped
20,12,10103,11/15/2004,Shipped
21,12,10103,11/24/2004,Shipped
22,12,10103,12/17/2004,Shipped
23,12,10103,2/3/2005,Shipped
24,12,10103,3/3/2005,Shipped
25,12,10103,4/8/2005,Shipped
26,12,10103,5/13/2005,Disputed
27,34,10104,1/29/2003,Shipped
28,34,10104,3/24/2003,Shipped
29,34,10104,5/28/2003,Shipped
30,34,10104,7/24/2003,Shipped
31,34,10104,9/19/2003,Shipped
32,34,10104,10/20/2003,Shipped
33,34,10104,11/6/2003,Shipped
34,34,10104,11/13/2003,Shipped
35,34,10104,11/25/2003,Shipped
36,34,10104,12/5/2003,Shipped
37,34,10104,1/29/2004,Shipped
38,34,10104,3/10/2004,Shipped
39,34,10104,5/4/2004,Shipped
40,28,10105,6/15/2004,Shipped
41,28,10105,7/19/2004,Shipped
42,28,10105,8/17/2004,Shipped
43,28,10105,9/8/2004,Shipped
44,28,10105,10/11/2004,Shipped
45,28,10105,10/21/2004,Shipped
46,28,10105,11/4/2004,Shipped
47,28,10105,11/18/2004,Shipped
48,28,10105,11/29/2004,Shipped
49,28,10105,12/10/2004,Shipped
50,28,10105,1/20/2005,Shipped
51,28,10105,2/17/2005,Shipped
52,28,10105,3/9/2005,Shipped
53,28,10105,5/1/2005,Shipped
54,28,10105,5/31/2005,In Process
55,69,10106,2/24/2003,Shipped
56,69,10106,4/29/2003,Shipped
57,69,10106,7/1/2003,Shipped
58,69,10106,8/25/2003,Shipped
59,69,10106,10/10/2003,Shipped
60,69,10106,10/28/2003,Shipped
61,69,10106,11/11/2003,Shipped
62,69,10106,11/18/2003,Shipped
63,69,10106,12/1/2003,Shipped
64,69,10106,1/12/2004,Shipped
65,69,10106,2/20/2004,Shipped
66,69,10106,4/3/2004,Shipped
67,69,10106,5/18/2004,Shipped
68,69,10106,6/28/2004,Shipped
69,69,10106,7/23/2004,Shipped
70,69,10106,8/27/2004,Shipped
71,69,10106,9/27/2004,Shipped
72,69,10106,10/15/2004,Shipped
73,46,10107,11/2/2004,Shipped
74,46,10107,11/15/2004,Shipped
75,46,10107,11/23/2004,Shipped
76,46,10107,12/17/2004,Shipped
77,46,10107,2/2/2005,Shipped
78,46,10107,3/3/2005,Shipped
79,46,10107,4/7/2005,Shipped
80,46,10107,5/13/2005,Disputed
81,26,10108,2/24/2003,Shipped
82,26,10108,4/29/2003,Shipped
83,26,10108,7/1/2003,Shipped
84,26,10108,8/25/2003,Shipped
85,26,10108,10/10/2003,Shipped
86,26,10108,10/28/2003,Shipped
87,26,10108,11/11/2003,Shipped
88,26,10108,11/18/2003,Shipped
89,26,10108,12/1/2003,Shipped
90,26,10108,1/12/2004,Shipped
91,26,10108,2/20/2004,Shipped
92,26,10108,4/5/2004,Shipped
93,26,10108,5/18/2004,Shipped
94,26,10108,6/28/2004,Shipped
95,26,10108,7/23/2004,Shipped
96,26,10108,8/27/2004,Shipped
97,59,10109,9/30/2004,Shipped
98,59,10109,10/15/2004,Shipped
99,59,10109,11/2/2004,Shipped
100,59,10109,11/15/2004,Shipped
101,59,10109,11/23/2004,Shipped
102,59,10109,1/5/2005,Shipped
103,11,10110,2/2/2005,Shipped
104,11,10110,3/3/2005,Shipped
105,11,10110,4/8/2005,Shipped
106,11,10110,5/13/2005,Disputed
107,11,10110,2/11/2003,Shipped
108,11,10110,4/28/2003,Shipped
109,11,10110,6/12/2003,Shipped
110,11,10110,8/10/2003,Shipped
111,11,10110,10/6/2003,Shipped
112,11,10110,10/23/2003,Cancelled
113,11,10110,11/8/2003,Shipped
114,11,10110,11/14/2003,Shipped
115,11,10110,11/26/2003,Shipped
116,11,10110,1/9/2004,Shipped
117,11,10110,2/19/2004,Shipped
118,11,10110,5/7/2004,Cancelled
119,58,10111,6/17/2004,Shipped
120,58,10111,7/21/2004,Shipped
121,58,10111,8/20/2004,Shipped
122,58,10111,9/10/2004,Shipped
123,58,10111,10/14/2004,Shipped
124,58,10111,11/1/2004,Shipped
125,91,10112,11/5/2004,Shipped
126,91,10112,11/21/2004,Shipped
127,57,10113,12/2/2004,Shipped
128,57,10113,12/15/2004,Shipped
129,57,10113,1/31/2005,Shipped
130,57,10113,2/23/2005,Shipped
131,44,10114,3/17/2005,Shipped
132,44,10114,4/1/2005,Shipped
133,44,10114,5/6/2005,On Hold
134,44,10114,1/29/2003,Shipped
135,44,10114,4/1/2003,Shipped
136,44,10114,5/28/2003,Shipped
137,44,10114,7/24/2003,Shipped
138,44,10114,9/19/2003,Shipped
139,44,10114,10/21/2003,Resolved
140,44,10114,11/6/2003,Shipped
141,20,10115,11/13/2003,Shipped
142,20,10115,11/25/2003,Shipped
143,20,10115,12/9/2003,Shipped
144,20,10115,2/4/2004,Shipped
145,20,10115,3/11/2004,Shipped
146,71,10116,5/4/2004,Shipped
147,32,10117,6/15/2004,Shipped
148,32,10117,7/19/2004,Shipped
149,32,10117,8/19/2004,Shipped
150,32,10117,9/8/2004,Shipped
151,32,10117,10/13/2004,Shipped
152,32,10117,10/22/2004,Shipped
153,32,10117,11/4/2004,Shipped
154,32,10117,11/19/2004,On Hold
155,32,10117,11/29/2004,Shipped
156,32,10117,12/10/2004,Shipped
157,32,10117,1/20/2005,Shipped
158,32,10117,2/17/2005,Shipped
159,33,10118,3/9/2005,Shipped
160,72,10119,5/1/2005,Shipped
161,72,10119,5/31/2005,In Process
162,72,10119,3/3/2003,Shipped
163,72,10119,5/8/2003,Shipped
164,72,10119,7/2/2003,Shipped
165,72,10119,9/5/2003,Shipped
166,72,10119,10/10/2003,Shipped
167,72,10119,11/4/2003,Shipped
168,72,10119,11/12/2003,Shipped
169,72,10119,11/20/2003,Shipped
170,72,10119,12/2/2003,Shipped
171,72,10119,1/15/2004,Shipped
172,72,10119,2/22/2004,Shipped
173,72,10119,4/9/2004,Shipped
174,6,10120,6/1/2004,Cancelled
175,6,10120,7/6/2004,Shipped
176,6,10120,8/2/2004,Shipped
177,6,10120,8/30/2004,Shipped
178,6,10120,10/4/2003,Shipped
179,6,10120,10/16/2004,Shipped
180,6,10120,11/3/2004,Shipped
181,6,10120,11/15/2004,Shipped
182,6,10120,11/24/2004,Shipped
183,6,10120,1/6/2005,Shipped
184,6,10120,2/3/2005,Shipped
185,6,10120,3/3/2005,Shipped
186,6,10120,5/17/2005,Shipped
187,6,10120,2/11/2003,Shipped
188,6,10120,4/16/2003,Shipped
189,68,10121,6/3/2003,Shipped
190,68,10121,8/8/2003,Shipped
191,68,10121,9/28/2003,Shipped
192,68,10121,10/22/2003,Shipped
193,68,10121,11/6/2003,Shipped
194,49,10122,11/14/2003,Shipped
195,49,10122,11/26/2003,Shipped
196,49,10122,1/2/2004,Shipped
197,49,10122,2/12/2004,Shipped
198,49,10122,3/19/2004,Shipped
199,49,10122,5/5/2004,Shipped
200,49,10122,7/20/2004,Shipped
201,49,10122,8/20/2004,Shipped
202,49,10122,9/9/2004,Shipped
203,49,10122,10/14/2004,Shipped
204,49,10122,10/22/2004,Shipped
205,49,10122,11/5/2004,Shipped
206,49,10122,11/20/2004,Shipped
207,49,10122,11/1/2004,Shipped
208,49,10122,12/15/2004,Shipped
209,49,10122,1/23/2005,Shipped
210,49,10122,2/17/2005,Shipped
211,4,10123,3/17/2005,Shipped
212,4,10123,5/5/2005,Shipped
213,4,10123,1/29/2003,Shipped
214,4,10123,3/26/2003,Shipped
215,76,10124,5/28/2003,Shipped
216,76,10124,7/24/2003,Shipped
217,76,10124,9/19/2003,Shipped
218,76,10124,10/21/2003,Resolved
219,76,10124,11/6/2003,Shipped
220,76,10124,11/13/2003,Shipped
221,76,10124,11/25/2003,Shipped
222,76,10124,12/5/2003,Shipped
223,76,10124,2/2/2004,Shipped
224,76,10124,3/11/2004,Shipped
225,76,10124,5/4/2004,Shipped
226,76,10124,6/15/2004,Shipped
227,76,10124,7/19/2004,Shipped
228,6,10125,8/19/2004,Shipped
229,6,10125,9/8/2004,Shipped
230,25,10126,10/11/2004,Shipped
231,25,10126,10/22/2004,Shipped
232,25,10126,11/4/2004,Shipped
233,25,10126,11/18/2004,Shipped
234,25,10126,11/29/2004,Shipped
235,25,10126,12/10/2004,Shipped
236,25,10126,1/20/2005,Shipped
237,25,10126,2/17/2005,Shipped
238,25,10126,3/9/2005,Shipped
239,25,10126,5/1/2005,Shipped
240,25,10126,5/31/2005,In Process
241,25,10126,2/24/2003,Shipped
242,25,10126,5/7/2003,Shipped
243,25,10126,7/1/2003,Shipped
244,25,10126,8/25/2003,Shipped
245,25,10126,10/10/2003,Shipped
246,25,10126,11/4/2003,Shipped
247,60,10127,11/11/2003,Shipped
248,60,10127,11/18/2003,Shipped
249,60,10127,12/1/2003,Shipped
250,60,10127,1/15/2004,Shipped
251,60,10127,2/21/2004,Shipped
252,60,10127,4/5/2004,Shipped
253,60,10127,5/18/2004,Shipped
254,60,10127,6/28/2004,Shipped
255,60,10127,8/2/2004,Shipped
256,60,10127,8/27/2004,Shipped
257,60,10127,9/30/2004,Shipped
258,60,10127,10/15/2004,Shipped
259,60,10127,11/3/2004,Shipped
260,60,10127,11/15/2004,Shipped
261,60,10127,11/24/2004,Shipped
262,34,10128,1/5/2005,Shipped
263,34,10128,2/3/2005,Shipped
264,34,10128,3/3/2005,Shipped
265,34,10128,4/8/2005,Shipped
266,78,10129,5/13/2005,Disputed
267,78,10129,1/31/2003,Shipped
268,78,10129,4/16/2003,Shipped
269,78,10129,6/3/2003,Shipped
270,78,10129,8/8/2003,Shipped
271,78,10129,9/28/2003,Shipped
272,78,10129,10/22/2003,Shipped
273,78,10129,11/6/2003,Shipped
274,78,10129,11/14/2003,Shipped
275,10,10130,11/26/2003,Shipped
276,10,10130,1/2/2004,Shipped
277,37,10131,2/12/2004,Shipped
278,37,10131,3/15/2004,Shipped
279,37,10131,5/5/2004,Shipped
280,37,10131,7/20/2004,Shipped
281,37,10131,8/20/2004,Shipped
282,37,10131,9/9/2004,Shipped
283,37,10131,10/14/2004,Shipped
284,37,10131,10/22/2004,Shipped
285,34,10133,11/5/2004,Shipped
286,34,10133,11/20/2004,Shipped
287,34,10133,11/1/2004,Shipped
288,34,10133,12/10/2004,Shipped
289,34,10133,1/26/2005,Shipped
290,34,10133,2/17/2005,Shipped
291,34,10133,5/5/2005,Shipped
292,34,10133,3/3/2003,Shipped
293,48,10134,5/8/2003,Shipped
294,48,10134,7/2/2003,Shipped
295,48,10134,9/5/2003,Shipped
296,48,10134,10/11/2003,Shipped
297,48,10134,11/4/2003,Shipped
298,48,10134,11/12/2003,Shipped
299,48,10134,11/20/2003,Shipped
300,57,10135,12/2/2003,Shipped
301,57,10135,1/16/2004,Shipped
302,57,10135,2/22/2004,Shipped
303,57,10135,4/9/2004,Shipped
304,57,10135,6/1/2004,Cancelled
305,57,10135,7/6/2004,Shipped
306,57,10135,8/2/2004,Shipped
307,57,10135,8/30/2004,Shipped
308,57,10135,10/4/2003,Shipped
309,57,10135,10/16/2004,Shipped
310,57,10135,11/3/2004,Shipped
311,57,10135,11/15/2004,Shipped
312,57,10135,11/24/2004,Shipped
313,57,10135,1/6/2005,Shipped
314,57,10135,2/8/2005,Shipped
315,57,10135,3/3/2005,Shipped
316,57,10135,5/17/2005,Shipped
317,1,10136,2/11/2003,Shipped
318,1,10136,4/16/2003,Shipped
319,1,10136,6/3/2003,Shipped
320,68,10137,8/8/2003,Shipped
321,68,10137,9/28/2003,Shipped
322,68,10137,10/22/2003,Shipped
323,68,10137,11/6/2003,Shipped
324,77,10139,11/14/2003,Shipped
325,77,10139,11/26/2003,Shipped
326,77,10139,1/2/2004,Shipped
327,77,10139,2/12/2004,Shipped
328,77,10139,3/19/2004,Shipped
329,77,10139,5/5/2004,Shipped
330,77,10139,7/20/2004,Shipped
331,77,10139,8/20/2004,Shipped
332,81,10140,9/9/2004,Shipped
333,81,10140,10/14/2004,Shipped
334,81,10140,10/22/2004,Shipped
335,81,10140,11/5/2004,Shipped
336,81,10140,11/20/2004,Shipped
337,81,10140,12/1/2004,Shipped
338,81,10140,12/15/2004,Shipped
339,81,10140,1/26/2005,Shipped
340,81,10140,2/17/2005,Shipped
341,81,10140,3/23/2005,Shipped
342,81,10140,5/5/2005,Shipped
343,79,10141,3/3/2003,Shipped
344,79,10141,5/8/2003,Shipped
345,79,10141,7/2/2003,Shipped
346,79,10141,9/5/2003,Shipped
347,79,10141,10/10/2003,Shipped
348,79,10141,11/4/2003,Shipped
349,79,10141,11/12/2003,Shipped
350,79,10141,11/20/2003,Shipped
351,79,10141,12/2/2003,Shipped
352,57,10142,1/15/2004,Shipped
353,57,10142,2/22/2004,Shipped
354,57,10142,4/9/2004,Shipped
355,57,10142,6/1/2004,Cancelled
356,57,10142,7/6/2004,Shipped
357,57,10142,8/2/2004,Shipped
358,57,10142,8/30/2004,Shipped
359,57,10142,10/4/2003,Shipped
360,57,10142,10/16/2004,Shipped
361,57,10142,11/3/2004,Shipped
362,57,10142,11/15/2004,Shipped
363,57,10142,11/24/2004,Shipped
364,57,10142,1/6/2005,Shipped
365,57,10142,2/9/2005,Shipped
366,57,10142,3/3/2005,Shipped
367,57,10142,5/17/2005,Shipped
368,56,10143,1/31/2003,Shipped
369,56,10143,4/4/2003,Shipped
370,56,10143,6/3/2003,Shipped
371,56,10143,8/1/2003,Shipped
372,56,10143,9/21/2003,Shipped
373,56,10143,10/22/2003,Shipped
374,56,10143,11/6/2003,Shipped
375,56,10143,11/14/2003,Shipped
376,56,10143,11/25/2003,Shipped
377,56,10143,12/9/2003,Shipped
378,56,10143,2/10/2004,Shipped
379,56,10143,3/11/2004,Shipped
380,56,10143,5/5/2004,Shipped
381,56,10143,6/15/2004,Shipped
382,56,10143,7/20/2004,Shipped
383,56,10143,8/19/2004,Shipped
384,71,10144,9/8/2004,Shipped
385,87,10145,10/13/2004,Shipped
386,87,10145,10/22/2004,Shipped
387,87,10145,11/5/2004,Shipped
388,87,10145,11/20/2004,Shipped
389,87,10145,12/1/2004,Shipped
390,87,10145,12/10/2004,Shipped
391,87,10145,1/23/2005,Shipped
392,87,10145,2/17/2005,Shipped
393,87,10145,5/3/2005,Shipped
394,87,10145,5/31/2005,In Process
395,87,10145,3/3/2003,Shipped
396,87,10145,5/8/2003,Shipped
397,87,10145,7/2/2003,Shipped
398,87,10145,9/5/2003,Shipped
399,87,10145,10/11/2003,Shipped
400,87,10145,11/4/2003,Shipped
401,37,10146,11/12/2003,Shipped
402,37,10146,11/20/2003,Shipped
403,23,10147,12/2/2003,Shipped
404,23,10147,1/16/2004,Shipped
405,23,10147,2/22/2004,Shipped
406,23,10147,4/12/2004,Shipped
407,23,10147,6/1/2004,Cancelled
408,23,10147,7/6/2004,Shipped
409,23,10147,8/4/2004,Shipped
410,23,10147,8/30/2004,Shipped
411,23,10147,10/4/2003,Shipped
412,23,10147,10/16/2004,Shipped
413,23,10147,11/4/2004,Shipped
414,3,10148,11/15/2004,Shipped
415,3,10148,11/24/2004,Shipped
416,3,10148,1/6/2005,Shipped
417,3,10148,2/9/2005,Shipped
418,3,10148,3/3/2005,Shipped
419,3,10148,4/14/2005,Shipped
420,3,10148,5/17/2005,Shipped
421,3,10148,1/29/2003,Shipped
422,3,10148,3/26/2003,Shipped
423,3,10148,5/28/2003,Shipped
424,3,10148,7/24/2003,Shipped
425,3,10148,9/19/2003,Shipped
426,3,10148,10/21/2003,Resolved
427,3,10148,11/6/2003,Shipped
428,75,10149,11/13/2003,Shipped
429,75,10149,11/25/2003,Shipped
430,75,10149,12/5/2003,Shipped
431,75,10149,1/29/2004,Shipped
432,75,10149,3/10/2004,Shipped
433,75,10149,5/4/2004,Shipped
434,75,10149,6/15/2004,Shipped
435,75,10149,7/19/2004,Shipped
436,75,10149,8/17/2004,Shipped
437,75,10149,9/8/2004,Shipped
438,75,10149,10/11/2004,Shipped
439,32,10150,10/21/2004,Shipped
440,32,10150,11/4/2004,Shipped
441,32,10150,11/18/2004,Shipped
442,32,10150,11/29/2004,Shipped
443,32,10150,12/10/2004,Shipped
444,32,10150,1/20/2005,Shipped
445,32,10150,2/17/2005,Shipped
446,32,10150,3/9/2005,Shipped
447,32,10150,5/1/2005,Shipped
448,32,10150,5/31/2005,In Process
449,32,10150,3/10/2003,Shipped
450,65,10151,5/8/2003,Shipped
451,65,10151,7/4/2003,Shipped
452,65,10151,9/11/2003,Shipped
453,65,10151,10/17/2003,Shipped
454,65,10151,11/5/2003,Shipped
455,65,10151,11/12/2003,Shipped
456,65,10151,11/20/2003,Shipped
457,65,10151,12/2/2003,Shipped
458,65,10151,1/16/2004,Shipped
459,65,10151,2/22/2004,Shipped
460,7,10152,4/13/2004,Shipped
461,7,10152,6/1/2004,Cancelled
462,7,10152,7/6/2004,Shipped
463,7,10152,8/6/2004,Shipped
464,34,10153,8/30/2004,Shipped
465,34,10153,10/5/2003,Shipped
466,34,10153,10/16/2004,Shipped
467,34,10153,11/4/2004,Shipped
468,34,10153,11/17/2004,Shipped
469,34,10153,11/24/2004,Shipped
470,34,10153,12/9/2004,Shipped
471,34,10153,1/7/2005,Shipped
472,34,10153,2/9/2005,Shipped
473,34,10153,3/4/2005,Shipped
474,34,10153,4/15/2005,Disputed
475,34,10153,5/17/2005,Shipped
476,34,10153,1/10/2003,Shipped
477,15,10154,3/25/2003,Shipped
478,15,10154,5/21/2003,Shipped
479,86,10155,7/16/2003,Shipped
480,86,10155,9/12/2003,Shipped
481,86,10155,10/18/2003,Shipped
482,86,10155,11/5/2003,Shipped
483,86,10155,11/12/2003,Shipped
484,86,10155,11/21/2003,Shipped
485,86,10155,12/3/2003,Shipped
486,86,10155,1/29/2004,Shipped
487,86,10155,3/2/2004,Shipped
488,86,10155,4/29/2004,Shipped
489,86,10155,6/8/2004,Shipped
490,86,10155,8/17/2004,Shipped
491,86,10155,9/3/2004,Shipped
492,34,10156,10/11/2004,Shipped
493,34,10156,10/21/2004,Shipped
494,12,10158,11/4/2004,Shipped
495,24,10159,11/17/2004,Shipped
496,24,10159,11/29/2004,Shipped
497,24,10159,12/9/2004,Shipped
498,24,10159,1/20/2005,Shipped
499,24,10159,2/16/2005,Shipped
500,24,10159,3/9/2005,Shipped
501,24,10159,5/30/2005,In Process
502,24,10159,1/10/2003,Shipped
503,24,10159,3/25/2003,Shipped
504,24,10159,5/28/2003,Shipped
505,24,10159,7/16/2003,Shipped
506,24,10159,9/12/2003,Shipped
507,24,10159,10/18/2003,Shipped
508,24,10159,11/5/2003,Shipped
509,24,10159,11/12/2003,Shipped
510,24,10159,11/21/2003,Shipped
511,24,10159,12/3/2003,Shipped
512,24,10159,1/29/2004,Shipped
513,51,10160,3/2/2004,Shipped
514,51,10160,4/29/2004,Shipped
515,51,10160,6/8/2004,Shipped
516,51,10160,8/17/2004,Shipped
517,51,10160,9/3/2004,Shipped
518,51,10160,10/11/2004,Shipped
519,41,10161,10/21/2004,Shipped
520,41,10161,11/4/2004,Shipped
521,41,10161,11/17/2004,Shipped
522,41,10161,11/29/2004,Shipped
523,41,10161,12/9/2004,Shipped
524,41,10161,1/20/2005,Shipped
525,41,10161,2/17/2005,Shipped
526,41,10161,3/9/2005,Shipped
527,41,10161,5/30/2005,In Process
528,41,10161,3/18/2003,Shipped
529,41,10161,5/20/2003,Shipped
530,41,10161,7/10/2003,Shipped
531,24,10162,9/11/2003,Shipped
532,24,10162,10/17/2003,Shipped
533,24,10162,11/5/2003,Shipped
534,24,10162,11/12/2003,Shipped
535,24,10162,11/20/2003,Shipped
536,24,10162,12/2/2003,Shipped
537,24,10162,1/16/2004,Shipped
538,24,10162,2/26/2004,Shipped
539,24,10162,4/13/2004,Shipped
540,24,10162,6/1/2004,Cancelled
541,20,10163,7/6/2004,Shipped
542,20,10163,8/6/2004,Shipped
543,20,10163,9/1/2004,Shipped
544,20,10163,10/5/2003,Shipped
545,20,10163,10/16/2004,Shipped
546,20,10163,11/4/2004,Shipped
547,53,10164,11/17/2004,Shipped
548,53,10164,11/24/2004,Shipped
549,53,10164,1/12/2005,Resolved
550,53,10164,2/10/2005,Shipped
551,53,10164,4/22/2005,On Hold
552,53,10164,5/17/2005,Shipped
553,53,10164,2/17/2003,Shipped
554,53,10164,4/28/2003,Shipped
555,32,10165,6/16/2003,Shipped
556,32,10165,8/10/2003,Shipped
557,32,10165,10/6/2003,Shipped
558,32,10165,10/23/2003,Cancelled
559,32,10165,11/8/2003,Shipped
560,32,10165,11/14/2003,Shipped
561,32,10165,11/27/2003,Shipped
562,32,10165,1/12/2004,Shipped
563,32,10165,2/19/2004,Shipped
564,32,10165,5/11/2004,Shipped
565,32,10165,6/24/2004,Cancelled
566,32,10165,7/21/2004,Shipped
567,32,10165,8/21/2004,Shipped
568,32,10165,9/15/2004,Shipped
569,32,10165,10/14/2004,Shipped
570,32,10165,11/1/2004,Shipped
571,32,10165,11/10/2004,Resolved
572,32,10165,11/22/2004,Shipped
573,35,10166,12/3/2004,Shipped
574,35,10166,1/31/2005,Shipped
575,35,10166,3/1/2005,Resolved
576,74,10167,3/30/2005,Shipped
577,74,10167,4/1/2005,Shipped
578,74,10167,5/10/2005,Shipped
579,74,10167,1/6/2003,Shipped
580,74,10167,3/18/2003,Shipped
581,74,10167,5/21/2003,Shipped
582,74,10167,9/12/2003,Shipped
583,74,10167,10/18/2003,Shipped
584,74,10167,11/5/2003,Shipped
585,74,10167,11/12/2003,Shipped
586,74,10167,11/21/2003,Shipped
587,74,10167,12/2/2003,Shipped
588,74,10167,1/26/2004,Shipped
589,74,10167,3/2/2004,Shipped
590,74,10167,4/13/2004,Shipped
591,74,10167,8/17/2004,Shipped
592,81,10168,9/1/2004,Shipped
593,81,10168,10/6/2003,Shipped
594,81,10168,10/21/2004,Shipped
595,81,10168,11/17/2004,Shipped
596,81,10168,11/25/2004,Shipped
597,81,10168,1/12/2005,Resolved
598,81,10168,2/10/2005,Shipped
599,81,10168,4/22/2005,On Hold
600,81,10168,5/29/2005,In Process
601,81,10168,3/3/2003,Shipped
602,81,10168,5/8/2003,Shipped
603,81,10168,7/2/2003,Shipped
604,81,10168,9/5/2003,Shipped
605,81,10168,10/11/2003,Shipped
606,81,10168,11/4/2003,Shipped
607,81,10168,11/12/2003,Shipped
608,81,10168,11/20/2003,Shipped
609,81,10168,12/2/2003,Shipped
610,3,10169,1/16/2004,Shipped
611,3,10169,2/22/2004,Shipped
612,3,10169,4/12/2004,Shipped
613,3,10169,6/1/2004,Cancelled
614,3,10169,7/6/2004,Shipped
615,3,10169,8/6/2004,Shipped
616,3,10169,8/30/2004,Shipped
617,3,10169,10/4/2003,Shipped
618,3,10169,10/16/2004,Shipped
619,3,10169,11/4/2004,Shipped
620,3,10169,11/15/2004,Shipped
621,3,10169,11/24/2004,Shipped
622,3,10169,1/6/2005,Shipped
623,53,10170,2/9/2005,Shipped
624,53,10170,3/3/2005,Shipped
625,53,10170,4/14/2005,Shipped
626,53,10170,5/17/2005,Shipped
627,67,10171,3/10/2003,Shipped
628,67,10171,5/8/2003,Shipped
629,67,10171,7/4/2003,Shipped
630,67,10171,9/11/2003,Shipped
631,36,10172,10/17/2003,Shipped
632,36,10172,11/5/2003,Shipped
633,36,10172,11/12/2003,Shipped
634,36,10172,11/20/2003,Shipped
635,36,10172,12/2/2003,Shipped
636,36,10172,1/16/2004,Shipped
637,36,10172,2/26/2004,Shipped
638,36,10172,4/13/2004,Shipped
639,69,10173,6/1/2004,Cancelled
640,69,10173,7/6/2004,Shipped
641,69,10173,8/6/2004,Shipped
642,69,10173,8/30/2004,Shipped
643,69,10173,10/5/2003,Shipped
644,69,10173,10/16/2004,Shipped
645,69,10173,11/4/2004,Shipped
646,69,10173,11/17/2004,Shipped
647,69,10173,11/24/2004,Shipped
648,69,10173,12/9/2004,Shipped
649,69,10173,1/10/2005,Shipped
650,69,10173,2/9/2005,Shipped
651,69,10173,3/4/2005,Shipped
652,69,10173,4/15/2005,Disputed
653,69,10173,5/17/2005,Shipped
654,69,10173,1/31/2003,Shipped
655,7,10174,4/4/2003,Shipped
656,7,10174,6/3/2003,Shipped
657,7,10174,8/1/2003,Shipped
658,7,10174,9/21/2003,Shipped
659,7,10174,10/22/2003,Shipped
660,78,10175,11/6/2003,Shipped
661,78,10175,11/14/2003,Shipped
662,78,10175,11/25/2003,Shipped
663,78,10175,12/9/2003,Shipped
664,78,10175,2/10/2004,Shipped
665,78,10175,3/15/2004,Shipped
666,78,10175,5/5/2004,Shipped
667,78,10175,6/15/2004,Shipped
668,78,10175,7/20/2004,Shipped
669,78,10175,8/20/2004,Shipped
670,78,10175,9/8/2004,Shipped
671,78,10175,10/13/2004,Shipped
672,47,10176,10/22/2004,Shipped
673,47,10176,11/5/2004,Shipped
674,47,10176,11/20/2004,Shipped
675,47,10176,12/1/2004,Shipped
676,47,10176,12/10/2004,Shipped
677,47,10176,1/23/2005,Shipped
678,47,10176,2/17/2005,Shipped
679,47,10176,5/3/2005,Shipped
680,47,10176,5/31/2005,In Process
681,47,10176,1/6/2003,Shipped
682,16,10177,3/18/2003,Shipped
683,16,10177,5/21/2003,Shipped
684,16,10177,9/12/2003,Shipped
685,16,10177,10/18/2003,Shipped
686,16,10177,11/5/2003,Shipped
687,16,10177,11/12/2003,Shipped
688,16,10177,11/21/2003,Shipped
689,16,10177,12/2/2003,Shipped
690,16,10177,1/26/2004,Shipped
691,16,10177,3/2/2004,Shipped
692,16,10177,4/13/2004,Shipped
693,1,10178,8/17/2004,Shipped
694,1,10178,9/1/2004,Shipped
695,1,10178,10/6/2004,Shipped
696,1,10178,10/21/2004,Shipped
697,1,10178,11/17/2004,Shipped
698,1,10178,11/25/2004,Shipped
699,1,10178,1/12/2005,Resolved
700,1,10178,2/10/2005,Shipped
701,1,10178,4/22/2005,On Hold
702,1,10178,5/29/2005,In Process
703,1,10178,1/31/2003,Shipped
704,1,10178,4/1/2003,Shipped
705,27,10180,6/3/2003,Shipped
706,27,10180,8/1/2003,Shipped
707,27,10180,9/21/2003,Shipped
708,27,10180,10/22/2003,Shipped
709,27,10180,11/6/2003,Shipped
710,27,10180,11/14/2003,Shipped
711,27,10180,11/25/2003,Shipped
712,27,10180,12/9/2003,Shipped
713,27,10180,3/11/2004,Shipped
714,27,10180,5/5/2004,Shipped
715,27,10180,6/15/2004,Shipped
716,27,10180,7/20/2004,Shipped
717,27,10180,8/19/2004,Shipped
718,27,10180,9/8/2004,Shipped
719,42,10181,10/13/2004,Shipped
720,42,10181,10/22/2004,Shipped
721,42,10181,11/5/2004,Shipped
722,42,10181,11/19/2004,On Hold
723,42,10181,12/1/2004,Shipped
724,42,10181,12/10/2004,Shipped
725,42,10181,1/20/2005,Shipped
726,42,10181,2/22/2005,Shipped
727,42,10181,5/3/2005,Shipped
728,42,10181,5/31/2005,In Process
729,42,10181,1/9/2003,Shipped
730,42,10181,3/18/2003,Shipped
731,42,10181,5/21/2003,Shipped
732,42,10181,9/12/2003,Shipped
733,42,10181,10/18/2003,Shipped
734,42,10181,11/5/2003,Shipped
735,42,10181,11/12/2003,Shipped
736,57,10182,11/21/2003,Shipped
737,57,10182,12/2/2003,Shipped
738,57,10182,1/26/2004,Shipped
739,57,10182,3/2/2004,Shipped
740,57,10182,4/26/2004,Shipped
741,57,10182,8/17/2004,Shipped
742,57,10182,9/1/2004,Shipped
743,57,10182,10/11/2004,Shipped
744,57,10182,10/21/2004,Shipped
745,57,10182,11/4/2004,Shipped
746,57,10182,11/17/2004,Shipped
747,57,10182,11/25/2004,Shipped
748,57,10182,12/9/2004,Shipped
749,57,10182,1/12/2005,Resolved
750,57,10182,2/16/2005,Shipped
751,57,10182,3/4/2005,Shipped
752,57,10182,4/23/2005,Shipped
753,19,10183,5/29/2005,In Process
754,19,10183,1/29/2003,Shipped
755,19,10183,4/1/2003,Shipped
756,19,10183,5/28/2003,Shipped
757,19,10183,7/24/2003,Shipped
758,19,10183,9/21/2003,Shipped
759,19,10183,10/22/2003,Shipped
760,19,10183,11/6/2003,Shipped
761,19,10183,11/14/2003,Shipped
762,19,10183,11/25/2003,Shipped
763,19,10183,12/9/2003,Shipped
764,19,10183,2/4/2004,Shipped
765,43,10184,3/11/2004,Shipped
766,43,10184,5/5/2004,Shipped
767,43,10184,6/15/2004,Shipped
768,43,10184,7/20/2004,Shipped
769,43,10184,8/19/2004,Shipped
770,43,10184,9/8/2004,Shipped
771,43,10184,10/13/2004,Shipped
772,43,10184,10/22/2004,Shipped
773,43,10184,11/4/2004,Shipped
774,43,10184,11/19/2004,On Hold
775,43,10184,11/29/2004,Shipped
776,43,10184,12/10/2004,Shipped
777,43,10184,1/20/2005,Shipped
778,56,10185,2/17/2005,Shipped
779,56,10185,3/9/2005,Shipped
780,56,10185,5/3/2005,Shipped
781,56,10185,5/31/2005,In Process
782,56,10185,2/17/2003,Shipped
783,56,10185,4/29/2003,Shipped
784,56,10185,6/27/2003,Shipped
785,56,10185,8/25/2003,Shipped
786,56,10185,10/28/2003,Shipped
787,56,10185,1/12/2004,Shipped
788,56,10185,2/20/2004,Shipped
789,56,10185,4/2/2004,Shipped
790,56,10185,5/11/2004,Shipped
791,56,10185,6/28/2004,Shipped
792,56,10185,7/23/2004,Shipped
793,56,10185,8/21/2004,Shipped
794,31,10186,9/16/2004,Shipped
795,31,10186,10/15/2004,Shipped
796,31,10186,11/2/2004,Shipped
797,31,10186,11/10/2004,Resolved
798,31,10186,11/23/2004,Shipped
799,31,10186,12/4/2004,Shipped
800,31,10186,2/2/2005,Shipped
801,31,10186,3/1/2005,Resolved
802,31,10186,3/30/2005,Shipped
803,42,10188,4/3/2005,On Hold
804,42,10188,5/10/2005,Shipped
805,42,10188,2/24/2003,Shipped
806,42,10188,4/29/2003,Shipped
807,42,10188,7/1/2003,Shipped
808,42,10188,8/25/2003,Shipped
809,42,10188,10/10/2003,Shipped
810,42,10188,10/28/2003,Shipped
811,87,10189,11/11/2003,Shipped
812,34,10190,11/18/2003,Shipped
813,34,10190,12/1/2003,Shipped
814,34,10190,1/12/2004,Shipped
815,34,10190,2/20/2004,Shipped
816,85,10191,4/3/2004,Shipped
817,85,10191,5/18/2004,Shipped
818,85,10191,6/28/2004,Shipped
819,85,10191,7/23/2004,Shipped
820,85,10191,8/27/2004,Shipped
821,85,10191,9/27/2004,Shipped
822,85,10191,10/15/2004,Shipped
823,85,10191,11/2/2004,Shipped
824,85,10191,11/15/2004,Shipped
825,62,10192,11/23/2004,Shipped
826,62,10192,1/5/2005,Shipped
827,62,10192,2/2/2005,Shipped
828,62,10192,3/3/2005,Shipped
829,62,10192,4/7/2005,Shipped
830,62,10192,5/13/2005,Disputed
831,62,10192,1/9/2003,Shipped
832,62,10192,3/18/2003,Shipped
833,62,10192,5/21/2003,Shipped
834,62,10192,7/16/2003,Shipped
835,62,10192,9/12/2003,Shipped
836,62,10192,10/18/2003,Shipped
837,62,10192,11/5/2003,Shipped
838,62,10192,11/12/2003,Shipped
839,62,10192,11/21/2003,Shipped
840,62,10192,12/3/2003,Shipped
841,5,10193,1/26/2004,Shipped
842,5,10193,3/2/2004,Shipped
843,5,10193,4/29/2004,Shipped
844,5,10193,6/4/2004,Shipped
845,5,10193,8/17/2004,Shipped
846,5,10193,9/3/2004,Shipped
847,5,10193,10/11/2004,Shipped
848,5,10193,10/21/2004,Shipped
849,5,10193,11/4/2004,Shipped
850,5,10193,11/17/2004,Shipped
851,5,10193,11/29/2004,Shipped
852,5,10193,12/9/2004,Shipped
853,5,10193,1/12/2005,Resolved
854,5,10193,2/16/2005,Shipped
855,5,10193,3/4/2005,Shipped
856,5,10193,5/29/2005,In Process
857,73,10194,3/10/2003,Shipped
858,73,10194,5/20/2003,Shipped
859,73,10194,7/10/2003,Shipped
860,73,10194,9/11/2003,Shipped
861,73,10194,10/17/2003,Shipped
862,73,10194,11/5/2003,Shipped
863,73,10194,11/12/2003,Shipped
864,73,10194,11/20/2003,Shipped
865,73,10194,12/2/2003,Shipped
866,73,10194,1/16/2004,Shipped
867,73,10194,2/26/2004,Shipped
868,55,10195,4/13/2004,Shipped
869,55,10195,6/1/2004,Cancelled
870,55,10195,7/6/2004,Shipped
871,55,10195,8/6/2004,Shipped
872,55,10195,8/30/2004,Shipped
873,55,10195,10/5/2003,Shipped
874,55,10195,10/16/2004,Shipped
875,55,10195,11/4/2004,Shipped
876,55,10195,11/17/2004,Shipped
877,55,10195,11/24/2004,Shipped
878,80,10196,1/10/2005,Shipped
879,80,10196,2/10/2005,Shipped
880,80,10196,4/22/2005,On Hold
881,80,10196,5/17/2005,Shipped
882,80,10196,1/29/2003,Shipped
883,80,10196,3/24/2003,Shipped
884,80,10196,5/28/2003,Shipped
885,80,10196,7/16/2003,Shipped
886,33,10197,9/19/2003,Shipped
887,33,10197,10/20/2003,Shipped
888,33,10197,11/6/2003,Shipped
889,33,10197,11/13/2003,Shipped
890,33,10197,11/21/2003,Shipped
891,33,10197,12/5/2003,Shipped
892,33,10197,1/29/2004,Shipped
893,33,10197,3/10/2004,Shipped
894,33,10197,4/29/2004,Shipped
895,33,10197,6/14/2004,Shipped
896,33,10197,7/19/2004,Shipped
897,33,10197,8/17/2004,Shipped
898,33,10197,9/8/2004,Shipped
899,33,10197,10/11/2004,Shipped
900,26,10198,10/21/2004,Shipped
901,26,10198,11/4/2004,Shipped
902,26,10198,11/18/2004,Shipped
903,26,10198,11/29/2004,Shipped
904,26,10198,12/10/2004,Shipped
905,26,10198,1/20/2005,Shipped
906,92,10199,2/17/2005,Shipped
907,92,10199,3/9/2005,Shipped
908,92,10199,5/30/2005,In Process
909,58,10201,1/29/2003,Shipped
910,58,10201,3/25/2003,Shipped
911,58,10201,5/28/2003,Shipped
912,58,10201,7/16/2003,Shipped
913,58,10201,9/19/2003,Shipped
914,58,10201,10/20/2003,Shipped
915,58,10201,11/5/2003,Shipped
916,34,10203,11/13/2003,Shipped
917,34,10203,11/21/2003,Shipped
918,34,10203,12/5/2003,Shipped
919,34,10203,1/29/2004,Shipped
920,34,10203,3/10/2004,Shipped
921,34,10203,4/29/2004,Shipped
922,34,10203,6/14/2004,Shipped
923,34,10203,7/16/2004,Shipped
924,34,10203,8/17/2004,Shipped
925,34,10203,9/8/2004,Shipped
926,34,10203,10/11/2004,Shipped
927,60,10204,10/21/2004,Shipped
928,60,10204,11/4/2004,Shipped
929,60,10204,11/17/2004,Shipped
930,60,10204,11/29/2004,Shipped
931,60,10204,12/10/2004,Shipped
932,60,10204,1/20/2005,Shipped
933,60,10204,2/17/2005,Shipped
934,60,10204,3/10/2005,Shipped
935,60,10204,5/30/2005,In Process
936,60,10204,2/17/2003,Shipped
937,60,10204,4/28/2003,Shipped
938,60,10204,6/16/2003,Shipped
939,60,10204,8/10/2003,Shipped
940,60,10204,10/6/2003,Shipped
941,60,10204,10/23/2003,Cancelled
942,60,10204,11/8/2003,Shipped
943,60,10204,11/14/2003,Shipped
944,34,10205,11/26/2003,Shipped
945,34,10205,1/9/2004,Shipped
946,34,10205,2/19/2004,Shipped
947,34,10205,5/7/2004,Cancelled
948,34,10205,6/24/2004,Cancelled
949,18,10206,7/21/2004,Shipped
950,18,10206,8/20/2004,Shipped
951,18,10206,9/15/2004,Shipped
952,18,10206,10/14/2004,Shipped
953,18,10206,11/1/2004,Shipped
954,18,10206,11/10/2004,Resolved
955,18,10206,11/22/2004,Shipped
956,18,10206,12/2/2004,Shipped
957,18,10206,1/31/2005,Shipped
958,18,10206,3/1/2005,Resolved
959,18,10206,3/30/2005,Shipped
960,30,10207,4/1/2005,Shipped
961,30,10207,5/6/2005,On Hold
962,30,10207,1/29/2003,Shipped
963,30,10207,3/25/2003,Shipped
964,30,10207,5/28/2003,Shipped
965,30,10207,7/16/2003,Shipped
966,30,10207,9/19/2003,Shipped
967,30,10207,10/20/2003,Shipped
968,30,10207,11/5/2003,Shipped
969,30,10207,11/13/2003,Shipped
970,30,10207,11/21/2003,Shipped
971,30,10207,12/5/2003,Shipped
972,30,10207,1/29/2004,Shipped
973,30,10207,3/10/2004,Shipped
974,30,10207,4/29/2004,Shipped
975,30,10207,6/14/2004,Shipped
976,73,10208,7/19/2004,Shipped
977,73,10208,8/17/2004,Shipped
978,73,10208,9/8/2004,Shipped
979,73,10208,10/11/2004,Shipped
980,73,10208,10/21/2004,Shipped
981,73,10208,11/4/2004,Shipped
982,73,10208,11/17/2004,Shipped
983,73,10208,11/29/2004,Shipped
984,73,10208,12/10/2004,Shipped
985,73,10208,1/20/2005,Shipped
986,73,10208,2/17/2005,Shipped
987,73,10208,3/10/2005,Shipped
988,73,10208,5/30/2005,In Process
989,73,10208,2/11/2003,Shipped
990,73,10208,4/16/2003,Shipped
991,51,10209,6/6/2003,Shipped
992,51,10209,8/8/2003,Shipped
993,51,10209,9/28/2003,Shipped
994,51,10209,10/21/2003,Shipped
995,51,10209,11/7/2003,Shipped
996,51,10209,11/14/2003,Shipped
997,51,10209,11/26/2003,Shipped
998,51,10209,1/2/2004,Shipped
999,64,10210,2/18/2004,Shipped
1000,64,10210,3/20/2004,Shipped
1001,64,10210,5/7/2004,Cancelled
1002,64,10210,7/21/2004,Shipped
1003,64,10210,8/20/2004,Shipped
1004,64,10210,9/9/2004,Shipped
1005,64,10210,10/14/2004,Shipped
1006,64,10210,10/22/2004,Shipped
1007,64,10210,11/5/2004,Shipped
1008,64,10210,11/20/2004,Shipped
1009,64,10210,12/2/2004,Shipped
1010,64,10210,1/26/2005,Shipped
1011,64,10210,2/22/2005,Shipped
1012,64,10210,3/23/2005,Shipped
1013,64,10210,5/6/2005,On Hold
1014,64,10210,1/31/2003,Shipped
1015,64,10210,3/10/2003,Shipped
1016,9,10211,4/1/2003,Shipped
1017,9,10211,5/8/2003,Shipped
1018,9,10211,6/3/2003,Shipped
1019,9,10211,7/4/2003,Shipped
1020,9,10211,8/1/2003,Shipped
1021,9,10211,9/11/2003,Shipped
1022,9,10211,9/21/2003,Shipped
1023,9,10211,10/11/2003,Shipped
1024,9,10211,10/22/2003,Shipped
1025,9,10211,11/5/2003,Shipped
1026,9,10211,11/6/2003,Shipped
1027,9,10211,11/12/2003,Shipped
1028,9,10211,11/14/2003,Shipped
1029,9,10211,11/20/2003,Shipped
1030,9,10211,11/25/2003,Shipped
1031,34,10212,12/2/2003,Shipped
1032,34,10212,12/9/2003,Shipped
1033,34,10212,1/16/2004,Shipped
1034,34,10212,2/22/2004,Shipped
1035,34,10212,3/11/2004,Shipped
1036,34,10212,4/12/2004,Shipped
1037,34,10212,5/5/2004,Shipped
1038,34,10212,6/1/2004,Cancelled
1039,34,10212,6/15/2004,Shipped
1040,34,10212,7/6/2004,Shipped
1041,34,10212,7/20/2004,Shipped
1042,34,10212,8/6/2004,Shipped
1043,34,10212,8/19/2004,Shipped
1044,34,10212,8/30/2004,Shipped
1045,34,10212,9/8/2004,Shipped
1046,34,10212,10/5/2003,Shipped
1047,31,10213,10/13/2004,Shipped
1048,31,10213,10/16/2004,Shipped
1049,31,10213,10/22/2004,Shipped
1050,25,10214,11/4/2004,Shipped
1051,25,10214,11/5/2004,Shipped
1052,25,10214,11/17/2004,Shipped
1053,25,10214,11/19/2004,On Hold
1054,25,10214,11/24/2004,Shipped
1055,25,10214,12/1/2004,Shipped
1056,25,10214,12/10/2004,Shipped
1057,92,10215,1/10/2005,Shipped
1058,92,10215,1/20/2005,Shipped
1059,92,10215,2/9/2005,Shipped
1060,92,10215,2/22/2005,Shipped
1061,92,10215,3/15/2005,Shipped
1062,92,10215,4/14/2005,Shipped
1063,92,10215,5/3/2005,Shipped
1064,92,10215,5/17/2005,Shipped
1065,92,10215,5/31/2005,In Process
1066,92,10215,2/11/2003,Shipped
1067,8,10216,4/16/2003,Shipped
1068,40,10217,6/6/2003,Shipped
1069,40,10217,8/8/2003,Shipped
1070,40,10217,9/28/2003,Shipped
1071,40,10217,10/22/2003,Shipped
1072,40,10217,11/7/2003,Shipped
1073,40,10217,11/14/2003,Shipped
1074,40,10217,11/26/2003,Shipped
1075,75,10219,1/2/2004,Shipped
1076,75,10219,2/18/2004,Shipped
1077,75,10219,3/20/2004,Shipped
1078,75,10219,5/7/2004,Cancelled
1079,21,10220,7/21/2004,Shipped
1080,21,10220,8/20/2004,Shipped
1081,21,10220,9/9/2004,Shipped
1082,21,10220,10/14/2004,Shipped
1083,21,10220,10/22/2004,Shipped
1084,21,10220,11/9/2004,Shipped
1085,21,10220,11/20/2004,Shipped
1086,21,10220,12/2/2004,Shipped
1087,21,10220,1/26/2005,Shipped
1088,66,10221,2/22/2005,Shipped
1089,66,10221,3/23/2005,Shipped
1090,66,10221,5/6/2005,On Hold
1091,66,10221,3/3/2003,Shipped
1092,66,10221,5/8/2003,Shipped
1093,22,10222,7/2/2003,Shipped
1094,22,10222,9/5/2003,Shipped
1095,22,10222,10/10/2003,Shipped
1096,22,10222,11/4/2003,Shipped
1097,22,10222,11/12/2003,Shipped
1098,22,10222,11/20/2003,Shipped
1099,22,10222,12/2/2003,Shipped
1100,22,10222,1/15/2004,Shipped
1101,22,10222,2/22/2004,Shipped
1102,22,10222,4/9/2004,Shipped
1103,22,10222,5/26/2004,Shipped
1104,22,10222,7/2/2004,Shipped
1105,22,10222,8/2/2004,Shipped
1106,22,10222,8/30/2004,Shipped
1107,22,10222,10/4/2003,Shipped
1108,22,10222,10/16/2004,Shipped
1109,22,10222,11/3/2004,Shipped
1110,22,10222,11/15/2004,Shipped
1111,6,10223,11/24/2004,Shipped
1112,6,10223,1/6/2005,Shipped
1113,6,10223,2/10/2005,Shipped
1114,6,10223,3/4/2005,Shipped
1115,6,10223,1/29/2003,Shipped
1116,6,10223,3/25/2003,Shipped
1117,6,10223,5/28/2003,Shipped
1118,6,10223,7/16/2003,Shipped
1119,6,10223,9/12/2003,Shipped
1120,6,10223,10/20/2003,Shipped
1121,6,10223,11/5/2003,Shipped
1122,6,10223,11/12/2003,Shipped
1123,6,10223,11/21/2003,Shipped
1124,6,10223,12/5/2003,Shipped
1125,6,10223,1/29/2004,Shipped
1126,27,10224,3/2/2004,Shipped
1127,27,10224,4/29/2004,Shipped
1128,27,10224,6/14/2004,Shipped
1129,27,10224,8/17/2004,Shipped
1130,27,10224,9/7/2004,Shipped
1131,27,10224,10/11/2004,Shipped
1132,89,10225,10/21/2004,Shipped
1133,89,10225,11/5/2004,Shipped
1134,89,10225,11/18/2004,Shipped
1135,89,10225,11/29/2004,Shipped
1136,89,10225,12/10/2004,Shipped
1137,89,10225,1/20/2005,Shipped
1138,89,10225,2/17/2005,Shipped
1139,89,10225,3/10/2005,Shipped
1140,89,10225,5/30/2005,In Process
1141,89,10225,3/3/2003,Shipped
1142,89,10225,5/8/2003,Shipped
1143,89,10225,7/2/2003,Shipped
1144,89,10225,9/5/2003,Shipped
1145,89,10225,10/10/2003,Shipped
1146,22,10226,11/4/2003,Shipped
1147,22,10226,11/12/2003,Shipped
1148,22,10226,11/20/2003,Shipped
1149,22,10226,12/2/2003,Shipped
1150,22,10226,1/15/2004,Shipped
1151,22,10226,2/22/2004,Shipped
1152,22,10226,4/9/2004,Shipped
1153,73,10227,5/26/2004,Shipped
1154,73,10227,7/2/2004,Shipped
1155,73,10227,8/2/2004,Shipped
1156,73,10227,8/30/2004,Shipped
1157,73,10227,10/4/2003,Shipped
1158,73,10227,10/16/2004,Shipped
1159,73,10227,11/3/2004,Shipped
1160,73,10227,11/16/2004,Shipped
1161,73,10227,11/24/2004,Shipped
1162,73,10227,12/7/2004,Shipped
1163,73,10227,1/6/2005,Shipped
1164,73,10227,2/10/2005,Shipped
1165,73,10227,3/4/2005,Shipped
1166,73,10227,3/10/2003,Shipped
1167,73,10227,5/20/2003,Shipped
1168,17,10228,7/10/2003,Shipped
1169,17,10228,9/11/2003,Shipped
1170,17,10228,10/17/2003,Shipped
1171,17,10228,11/5/2003,Shipped
1172,17,10228,11/12/2003,Shipped
1173,17,10228,11/20/2003,Shipped
1174,57,10229,12/2/2003,Shipped
1175,57,10229,1/16/2004,Shipped
1176,57,10229,2/26/2004,Shipped
1177,57,10229,4/13/2004,Shipped
1178,57,10229,6/1/2004,Cancelled
1179,57,10229,7/6/2004,Shipped
1180,57,10229,8/6/2004,Shipped
1181,57,10229,8/30/2004,Shipped
1182,57,10229,10/5/2003,Shipped
1183,57,10229,10/16/2004,Shipped
1184,57,10229,11/4/2004,Shipped
1185,57,10229,11/17/2004,Shipped
1186,57,10229,11/24/2004,Shipped
1187,57,10229,1/12/2005,Resolved
1188,14,10230,2/10/2005,Shipped
1189,14,10230,4/15/2005,Disputed
1190,14,10230,5/17/2005,Shipped
1191,14,10230,3/3/2003,Shipped
1192,14,10230,5/8/2003,Shipped
1193,14,10230,7/2/2003,Shipped
1194,14,10230,9/3/2003,Shipped
1195,14,10230,10/10/2003,Shipped
1196,16,10231,11/4/2003,Shipped
1197,16,10231,11/11/2003,Shipped
1198,39,10232,11/20/2003,Shipped
1199,39,10232,1/15/2004,Shipped
1200,39,10232,2/21/2004,Shipped
1201,39,10232,4/5/2004,Shipped
1202,39,10232,5/26/2004,Shipped
1203,39,10232,6/30/2004,Shipped
1204,39,10232,8/2/2004,Shipped
1205,39,10232,8/28/2004,Shipped
1206,82,10233,9/30/2004,Shipped
1207,82,10233,10/16/2004,Shipped
1208,82,10233,11/3/2004,Shipped
1209,70,10235,11/16/2004,Shipped
1210,70,10235,11/24/2004,Shipped
1211,70,10235,12/7/2004,Shipped
1212,70,10235,1/6/2005,Shipped
1213,70,10235,2/10/2005,Shipped
1214,70,10235,3/4/2005,Shipped
1215,70,10235,4/8/2005,Shipped
1216,70,10235,2/17/2003,Shipped
1217,70,10235,4/28/2003,Shipped
1218,70,10235,6/16/2003,Shipped
1219,70,10235,8/10/2003,Shipped
1220,70,10235,10/6/2003,Shipped
1221,59,10236,10/23/2003,Cancelled
1222,59,10236,11/8/2003,Shipped
1223,59,10236,11/14/2003,Shipped
1224,90,10237,11/26/2003,Shipped
1225,90,10237,1/9/2004,Shipped
1226,90,10237,2/19/2004,Shipped
1227,90,10237,5/8/2004,Shipped
1228,90,10237,6/24/2004,Cancelled
1229,90,10237,7/21/2004,Shipped
1230,90,10237,8/20/2004,Shipped
1231,90,10237,9/15/2004,Shipped
1232,90,10237,10/14/2004,Shipped
1233,28,10238,11/1/2004,Shipped
1234,28,10238,11/12/2004,Shipped
1235,28,10238,11/22/2004,Shipped
1236,28,10238,12/3/2004,Shipped
1237,28,10238,1/31/2005,Shipped
1238,28,10238,3/1/2005,Resolved
1239,28,10238,3/30/2005,Shipped
1240,28,10238,4/1/2005,Shipped
1241,65,10239,5/9/2005,Disputed
1242,65,10239,1/31/2003,Shipped
1243,65,10239,4/16/2003,Shipped
1244,65,10239,6/3/2003,Shipped
1245,65,10239,8/8/2003,Shipped
1246,64,10240,9/25/2003,Shipped
1247,64,10240,10/22/2003,Shipped
1248,64,10240,11/6/2003,Shipped
1249,54,10241,11/14/2003,Shipped
1250,54,10241,11/26/2003,Shipped
1251,54,10241,12/9/2003,Shipped
1252,54,10241,2/12/2004,Shipped
1253,54,10241,3/15/2004,Shipped
1254,54,10241,5/5/2004,Shipped
1255,54,10241,7/20/2004,Shipped
1256,54,10241,8/20/2004,Shipped
1257,54,10241,9/8/2004,Shipped
1258,54,10241,10/14/2004,Shipped
1259,54,10241,10/22/2004,Shipped
1260,54,10241,11/5/2004,Shipped
1261,52,10242,11/21/2004,Shipped
1262,30,10243,12/1/2004,Shipped
1263,30,10243,12/10/2004,Shipped
1264,34,10244,1/26/2005,Shipped
1265,34,10244,2/22/2005,Shipped
1266,34,10244,3/15/2005,Shipped
1267,34,10244,5/5/2005,Shipped
1268,34,10244,1/6/2003,Shipped
1269,34,10244,3/18/2003,Shipped
1270,34,10244,5/21/2003,Shipped
1271,34,10244,9/11/2003,Shipped
1272,34,10244,10/18/2003,Shipped
1273,80,10245,11/5/2003,Shipped
1274,80,10245,11/12/2003,Shipped
1275,80,10245,11/21/2003,Shipped
1276,80,10245,12/2/2003,Shipped
1277,80,10245,1/22/2004,Shipped
1278,80,10245,3/2/2004,Shipped
1279,80,10245,4/13/2004,Shipped
1280,80,10245,8/17/2004,Shipped
1281,80,10245,9/1/2004,Shipped
1282,34,10246,10/6/2003,Shipped
1283,34,10246,10/16/2004,Shipped
1284,34,10246,11/17/2004,Shipped
1285,34,10246,11/25/2004,Shipped
1286,34,10246,1/12/2005,Resolved
1287,34,10246,2/16/2005,Shipped
1288,34,10246,4/22/2005,On Hold
1289,34,10246,5/29/2005,In Process
1290,34,10246,2/11/2003,Shipped
1291,34,10246,4/16/2003,Shipped
1292,34,10246,6/6/2003,Shipped
1293,79,10247,8/8/2003,Shipped
1294,79,10247,9/28/2003,Shipped
1295,79,10247,10/21/2003,Shipped
1296,79,10247,11/7/2003,Shipped
1297,79,10247,11/14/2003,Shipped
1298,79,10247,11/26/2003,Shipped
1299,46,10248,1/2/2004,Shipped
1300,46,10248,2/18/2004,Shipped
1301,46,10248,3/20/2004,Shipped
1302,46,10248,5/7/2004,Cancelled
1303,46,10248,6/17/2004,Shipped
1304,46,10248,7/21/2004,Shipped
1305,46,10248,8/20/2004,Shipped
1306,46,10248,9/9/2004,Shipped
1307,46,10248,10/14/2004,Shipped
1308,46,10248,10/29/2004,Shipped
1309,46,10248,11/9/2004,Shipped
1310,46,10248,11/21/2004,Shipped
1311,46,10248,12/2/2004,Shipped
1312,46,10248,1/26/2005,Shipped
1313,17,10249,2/22/2005,Shipped
1314,17,10249,3/23/2005,Shipped
1315,17,10249,5/6/2005,On Hold
1316,17,10249,1/29/2003,Shipped
1317,17,10249,4/1/2003,Shipped
1318,83,10250,5/28/2003,Shipped
1319,83,10250,7/24/2003,Shipped
1320,83,10250,9/19/2003,Shipped
1321,83,10250,10/21/2003,Resolved
1322,83,10250,11/6/2003,Shipped
1323,83,10250,11/13/2003,Shipped
1324,83,10250,11/25/2003,Shipped
1325,83,10250,12/9/2003,Shipped
1326,83,10250,2/4/2004,Shipped
1327,83,10250,3/11/2004,Shipped
1328,83,10250,5/4/2004,Shipped
1329,83,10250,6/15/2004,Shipped
1330,83,10250,7/19/2004,Shipped
1331,83,10250,8/19/2004,Shipped
1332,82,10251,9/8/2004,Shipped
1333,82,10251,10/13/2004,Shipped
1334,82,10251,10/22/2004,Shipped
1335,82,10251,11/5/2004,Shipped
1336,82,10251,11/19/2004,On Hold
1337,82,10251,11/29/2004,Shipped
1338,9,10252,12/10/2004,Shipped
1339,9,10252,1/20/2005,Shipped
1340,9,10252,2/17/2005,Shipped
1341,9,10252,5/1/2005,Shipped
1342,9,10252,5/31/2005,In Process
1343,9,10252,1/29/2003,Shipped
1344,9,10252,3/26/2003,Shipped
1345,9,10252,5/28/2003,Shipped
1346,9,10252,7/24/2003,Shipped
1347,88,10253,9/19/2003,Shipped
1348,88,10253,10/21/2003,Resolved
1349,88,10253,11/6/2003,Shipped
1350,88,10253,11/13/2003,Shipped
1351,88,10253,11/25/2003,Shipped
1352,88,10253,12/5/2003,Shipped
1353,88,10253,1/29/2004,Shipped
1354,88,10253,3/11/2004,Shipped
1355,88,10253,5/4/2004,Shipped
1356,88,10253,6/15/2004,Shipped
1357,88,10253,7/19/2004,Shipped
1358,88,10253,8/19/2004,Shipped
1359,88,10253,9/8/2004,Shipped
1360,88,10253,10/11/2004,Shipped
1361,54,10255,10/21/2004,Shipped
1362,54,10255,11/5/2004,Shipped
1363,28,10256,11/18/2004,Shipped
1364,28,10256,11/1/2004,Shipped
1365,83,10257,12/10/2004,Shipped
1366,83,10257,1/20/2005,Shipped
1367,83,10257,2/17/2005,Shipped
1368,83,10257,5/1/2005,Shipped
1369,83,10257,5/31/2005,In Process
1370,84,10258,3/3/2003,Shipped
1371,84,10258,5/8/2003,Shipped
1372,84,10258,7/2/2003,Shipped
1373,84,10258,9/3/2003,Shipped
1374,84,10258,10/10/2003,Shipped
1375,84,10258,11/4/2003,Shipped
1376,40,10259,11/11/2003,Shipped
1377,40,10259,11/20/2003,Shipped
1378,40,10259,1/15/2004,Shipped
1379,40,10259,2/22/2004,Shipped
1380,40,10259,4/9/2004,Shipped
1381,40,10259,5/26/2004,Shipped
1382,40,10259,6/30/2004,Shipped
1383,40,10259,8/2/2004,Shipped
1384,40,10259,8/30/2004,Shipped
1385,40,10259,9/30/2004,Shipped
1386,40,10259,10/16/2004,Shipped
1387,40,10259,11/3/2004,Shipped
1388,40,10259,11/16/2004,Shipped
1389,67,10261,11/24/2004,Shipped
1390,67,10261,12/7/2004,Shipped
1391,67,10261,1/6/2005,Shipped
1392,67,10261,2/10/2005,Shipped
1393,67,10261,3/4/2005,Shipped
1394,67,10261,3/18/2003,Shipped
1395,67,10261,5/21/2003,Shipped
1396,67,10261,9/11/2003,Shipped
1397,67,10261,10/17/2003,Shipped
1398,34,10262,11/5/2003,Shipped
1399,34,10262,11/12/2003,Shipped
1400,34,10262,11/21/2003,Shipped
1401,34,10262,12/2/2003,Shipped
1402,34,10262,1/22/2004,Shipped
1403,34,10262,3/2/2004,Shipped
1404,34,10262,4/13/2004,Shipped
1405,34,10262,7/7/2004,Shipped
1406,34,10262,8/9/2004,Shipped
1407,34,10262,9/1/2004,Shipped
1408,34,10262,10/6/2003,Shipped
1409,34,10262,10/16/2004,Shipped
1410,34,10262,11/17/2004,Shipped
1411,34,10262,11/25/2004,Shipped
1412,34,10262,1/12/2005,Resolved
1413,34,10262,2/16/2005,Shipped
1414,36,10263,4/22/2005,On Hold
1415,36,10263,5/29/2005,In Process
1416,36,10263,3/18/2003,Shipped
1417,36,10263,5/21/2003,Shipped
1418,36,10263,9/11/2003,Shipped
1419,36,10263,10/17/2003,Shipped
1420,36,10263,11/5/2003,Shipped
1421,36,10263,11/12/2003,Shipped
1422,36,10263,11/20/2003,Shipped
1423,36,10263,12/2/2003,Shipped
1424,36,10263,1/16/2004,Shipped
1425,38,10264,2/26/2004,Shipped
1426,38,10264,4/13/2004,Shipped
1427,38,10264,7/7/2004,Shipped
1428,38,10264,8/9/2004,Shipped
1429,38,10264,9/1/2004,Shipped
1430,38,10264,10/5/2003,Shipped
1431,38,10264,10/16/2004,Shipped
1432,5,10265,11/4/2004,Shipped
1433,5,10265,11/17/2004,Shipped
1434,47,10266,11/25/2004,Shipped
1435,47,10266,1/12/2005,Resolved
1436,47,10266,2/16/2005,Shipped
1437,47,10266,4/22/2005,On Hold
1438,47,10266,5/29/2005,In Process
1439,47,10266,1/31/2003,Shipped
1440,47,10266,4/4/2003,Shipped
1441,47,10266,6/3/2003,Shipped
1442,47,10266,8/1/2003,Shipped
1443,47,10266,9/25/2003,Shipped
1444,47,10266,10/22/2003,Shipped
1445,47,10266,11/6/2003,Shipped
1446,47,10266,11/14/2003,Shipped
1447,47,10266,11/25/2003,Shipped
1448,47,10266,12/9/2003,Shipped
1449,60,10267,2/12/2004,Shipped
1450,60,10267,3/15/2004,Shipped
1451,60,10267,5/5/2004,Shipped
1452,60,10267,6/15/2004,Shipped
1453,60,10267,7/20/2004,Shipped
1454,60,10267,8/20/2004,Shipped
1455,72,10269,9/8/2004,Shipped
1456,72,10269,10/13/2004,Shipped
1457,77,10270,10/22/2004,Shipped
1458,77,10270,11/5/2004,Shipped
1459,77,10270,11/20/2004,Shipped
1460,77,10270,12/1/2004,Shipped
1461,77,10270,12/10/2004,Shipped
1462,77,10270,1/23/2005,Shipped
1463,77,10270,2/22/2005,Shipped
1464,77,10270,3/15/2005,Shipped
1465,77,10270,5/3/2005,Shipped
1466,77,10270,5/31/2005,In Process
1467,77,10270,2/24/2003,Shipped
1468,57,10271,4/29/2003,Shipped
1469,57,10271,7/1/2003,Shipped
1470,57,10271,8/25/2003,Shipped
1471,57,10271,10/10/2003,Shipped
1472,57,10271,10/28/2003,Shipped
1473,57,10271,11/11/2003,Shipped
1474,57,10271,11/18/2003,Shipped
1475,57,10271,12/1/2003,Shipped
1476,57,10271,1/15/2004,Shipped
1477,57,10271,2/20/2004,Shipped
1478,57,10271,4/5/2004,Shipped
1479,29,10272,5/18/2004,Shipped
1480,29,10272,6/28/2004,Shipped
1481,29,10272,7/23/2004,Shipped
1482,29,10272,8/27/2004,Shipped
1483,29,10272,9/30/2004,Shipped
1484,29,10272,10/15/2004,Shipped
1485,66,10273,11/2/2004,Shipped
1486,66,10273,11/15/2004,Shipped
1487,66,10273,11/23/2004,Shipped
1488,66,10273,1/5/2005,Shipped
1489,66,10273,2/2/2005,Shipped
1490,66,10273,3/3/2005,Shipped
1491,66,10273,4/8/2005,Shipped
1492,66,10273,5/13/2005,Disputed
1493,66,10273,3/18/2003,Shipped
1494,66,10273,5/20/2003,Shipped
1495,66,10273,7/10/2003,Shipped
1496,66,10273,9/11/2003,Shipped
1497,66,10273,10/17/2003,Shipped
1498,66,10273,11/5/2003,Shipped
1499,66,10273,11/12/2003,Shipped
1500,23,10274,11/20/2003,Shipped
1501,23,10274,12/2/2003,Shipped
1502,23,10274,1/16/2004,Shipped
1503,23,10274,2/26/2004,Shipped
1504,23,10274,4/13/2004,Shipped
1505,45,10275,7/6/2004,Shipped
1506,45,10275,8/6/2004,Shipped
1507,45,10275,9/1/2004,Shipped
1508,45,10275,10/5/2003,Shipped
1509,45,10275,10/16/2004,Shipped
1510,45,10275,11/4/2004,Shipped
1511,45,10275,11/17/2004,Shipped
1512,45,10275,11/24/2004,Shipped
1513,45,10275,1/12/2005,Resolved
1514,45,10275,2/10/2005,Shipped
1515,45,10275,4/22/2005,On Hold
1516,45,10275,5/29/2005,In Process
1517,45,10275,2/17/2003,Shipped
1518,45,10275,4/29/2003,Shipped
1519,45,10275,6/27/2003,Shipped
1520,45,10275,8/25/2003,Shipped
1521,45,10275,10/28/2003,Shipped
1522,45,10275,1/12/2004,Shipped
1523,63,10276,2/20/2004,Shipped
1524,63,10276,4/2/2004,Shipped
1525,63,10276,5/11/2004,Shipped
1526,63,10276,6/24/2004,Cancelled
1527,63,10276,7/23/2004,Shipped
1528,63,10276,8/21/2004,Shipped
1529,63,10276,9/16/2004,Shipped
1530,63,10276,10/15/2004,Shipped
1531,63,10276,11/1/2004,Shipped
1532,63,10276,11/12/2004,Shipped
1533,63,10276,11/23/2004,Shipped
1534,63,10276,12/4/2004,Shipped
1535,63,10276,2/2/2005,Shipped
1536,63,10276,3/1/2005,Resolved
1537,32,10277,3/30/2005,Shipped
1538,76,10278,4/3/2005,On Hold
1539,76,10278,5/10/2005,Shipped
1540,76,10278,1/9/2003,Shipped
1541,76,10278,3/18/2003,Shipped
1542,76,10278,5/21/2003,Shipped
1543,76,10278,9/12/2003,Shipped
1544,76,10278,10/18/2003,Shipped
1545,76,10278,11/5/2003,Shipped
1546,76,10278,11/12/2003,Shipped
1547,76,10278,11/21/2003,Shipped
1548,34,10279,12/3/2003,Shipped
1549,34,10279,1/26/2004,Shipped
1550,34,10279,3/2/2004,Shipped
1551,34,10279,4/26/2004,Shipped
1552,34,10279,8/17/2004,Shipped
1553,34,10279,9/1/2004,Shipped
1554,2,10280,10/11/2004,Shipped
1555,2,10280,10/21/2004,Shipped
1556,2,10280,11/4/2004,Shipped
1557,2,10280,11/17/2004,Shipped
1558,2,10280,11/25/2004,Shipped
1559,2,10280,12/9/2004,Shipped
1560,2,10280,1/12/2005,Resolved
1561,2,10280,2/16/2005,Shipped
1562,2,10280,3/9/2005,Shipped
1563,2,10280,4/23/2005,Shipped
1564,2,10280,5/29/2005,In Process
1565,2,10280,2/24/2003,Shipped
1566,2,10280,4/29/2003,Shipped
1567,2,10280,7/1/2003,Shipped
1568,2,10280,8/25/2003,Shipped
1569,2,10280,10/10/2003,Shipped
1570,2,10280,10/28/2003,Shipped
1571,29,10281,11/11/2003,Shipped
1572,29,10281,11/18/2003,Shipped
1573,29,10281,12/1/2003,Shipped
1574,29,10281,1/12/2004,Shipped
1575,29,10281,2/20/2004,Shipped
1576,29,10281,4/3/2004,Shipped
1577,29,10281,5/11/2004,Shipped
1578,29,10281,6/28/2004,Shipped
1579,29,10281,7/23/2004,Shipped
1580,29,10281,8/27/2004,Shipped
1581,29,10281,9/16/2004,Shipped
1582,29,10281,10/15/2004,Shipped
1583,29,10281,11/2/2004,Shipped
1584,29,10281,11/15/2004,Shipped
1585,57,10282,11/24/2004,Shipped
1586,57,10282,1/6/2005,Shipped
1587,57,10282,2/3/2005,Shipped
1588,57,10282,3/3/2005,Shipped
1589,57,10282,4/7/2005,Shipped
1590,57,10282,5/10/2005,Shipped
1591,57,10282,2/11/2003,Shipped
1592,57,10282,4/16/2003,Shipped
1593,57,10282,6/12/2003,Shipped
1594,57,10282,8/8/2003,Shipped
1595,57,10282,9/28/2003,Shipped
1596,57,10282,10/23/2003,Cancelled
1597,57,10282,11/7/2003,Shipped
1598,70,10283,11/14/2003,Shipped
1599,70,10283,11/26/2003,Shipped
1600,70,10283,1/2/2004,Shipped
1601,70,10283,2/18/2004,Shipped
1602,70,10283,3/20/2004,Shipped
1603,70,10283,5/7/2004,Cancelled
1604,70,10283,6/17/2004,Shipped
1605,70,10283,7/21/2004,Shipped
1606,70,10283,8/20/2004,Shipped
1607,70,10283,9/9/2004,Shipped
1608,70,10283,10/14/2004,Shipped
1609,70,10283,10/29/2004,Shipped
1610,70,10283,11/9/2004,Shipped
1611,70,10283,11/21/2004,Shipped
1612,61,10284,12/2/2004,Shipped
1613,61,10284,1/26/2005,Shipped
1614,61,10284,2/23/2005,Shipped
1615,61,10284,3/23/2005,Shipped
1616,61,10284,5/6/2005,On Hold
1617,61,10284,1/9/2003,Shipped
1618,61,10284,3/18/2003,Shipped
1619,61,10284,5/21/2003,Shipped
1620,61,10284,9/12/2003,Shipped
1621,61,10284,10/18/2003,Shipped
1622,61,10284,11/5/2003,Shipped
1623,61,10284,11/12/2003,Shipped
1624,61,10284,11/21/2003,Shipped
1625,50,10285,12/3/2003,Shipped
1626,50,10285,1/26/2004,Shipped
1627,50,10285,3/2/2004,Shipped
1628,50,10285,4/29/2004,Shipped
1629,50,10285,6/4/2004,Shipped
1630,50,10285,8/17/2004,Shipped
1631,50,10285,9/3/2004,Shipped
1632,50,10285,10/11/2004,Shipped
1633,50,10285,10/21/2004,Shipped
1634,50,10285,11/4/2004,Shipped
1635,50,10285,11/17/2004,Shipped
1636,50,10285,11/25/2004,Shipped
1637,50,10285,12/9/2004,Shipped
1638,44,10286,1/12/2005,Resolved
1639,89,10287,2/16/2005,Shipped
1640,89,10287,3/9/2005,Shipped
1641,89,10287,5/29/2005,In Process
1642,89,10287,1/29/2003,Shipped
1643,89,10287,4/1/2003,Shipped
1644,89,10287,5/28/2003,Shipped
1645,89,10287,7/24/2003,Shipped
1646,89,10287,9/21/2003,Shipped
1647,89,10287,10/22/2003,Shipped
1648,89,10287,11/6/2003,Shipped
1649,89,10287,11/14/2003,Shipped
1650,89,10287,11/25/2003,Shipped
1651,89,10287,12/9/2003,Shipped
1652,89,10287,2/4/2004,Shipped
1653,89,10287,3/11/2004,Shipped
1654,89,10287,5/5/2004,Shipped
1655,89,10287,6/15/2004,Shipped
1656,40,10288,7/20/2004,Shipped
1657,40,10288,8/19/2004,Shipped
1658,40,10288,9/8/2004,Shipped
1659,40,10288,10/13/2004,Shipped
1660,40,10288,10/22/2004,Shipped
1661,40,10288,11/5/2004,Shipped
1662,40,10288,11/19/2004,On Hold
1663,40,10288,11/1/2004,Shipped
1664,40,10288,12/10/2004,Shipped
1665,40,10288,1/23/2005,Shipped
1666,40,10288,2/17/2005,Shipped
1667,40,10288,5/3/2005,Shipped
1668,40,10288,5/31/2005,In Process
1669,40,10288,3/3/2003,Shipped
1670,42,10289,5/7/2003,Shipped
1671,42,10289,7/2/2003,Shipped
1672,42,10289,8/25/2003,Shipped
1673,42,10289,10/10/2003,Shipped
1674,10,10290,11/4/2003,Shipped
1675,10,10290,11/11/2003,Shipped
1676,74,10291,11/19/2003,Shipped
1677,74,10291,1/15/2004,Shipped
1678,74,10291,2/21/2004,Shipped
1679,74,10291,4/5/2004,Shipped
1680,74,10291,5/26/2004,Shipped
1681,74,10291,6/30/2004,Shipped
1682,74,10291,8/2/2004,Shipped
1683,74,10291,8/27/2004,Shipped
1684,74,10291,9/30/2004,Shipped
1685,74,10291,10/15/2004,Shipped
1686,74,10291,11/3/2004,Shipped
1687,74,10291,11/16/2004,Shipped
1688,74,10291,11/24/2004,Shipped
1689,74,10291,12/7/2004,Shipped
1690,46,10292,1/6/2005,Shipped
1691,46,10292,2/3/2005,Shipped
1692,46,10292,3/4/2005,Shipped
1693,46,10292,4/8/2005,Shipped
1694,46,10292,3/18/2003,Shipped
1695,46,10292,5/21/2003,Shipped
1696,46,10292,9/11/2003,Shipped
1697,46,10292,10/17/2003,Shipped
1698,46,10292,11/5/2003,Shipped
1699,46,10292,11/12/2003,Shipped
1700,46,10292,11/20/2003,Shipped
1701,46,10292,12/2/2003,Shipped
1702,2,10293,1/16/2004,Shipped
1703,2,10293,3/2/2004,Shipped
1704,2,10293,4/13/2004,Shipped
1705,2,10293,7/7/2004,Shipped
1706,2,10293,8/9/2004,Shipped
1707,2,10293,9/1/2004,Shipped
1708,2,10293,10/6/2003,Shipped
1709,2,10293,10/16/2004,Shipped
1710,2,10293,11/4/2004,Shipped
1711,63,10294,11/17/2004,Shipped
1712,38,10295,11/29/2004,Shipped
1713,38,10295,1/19/2005,Shipped
1714,38,10295,2/16/2005,Shipped
1715,38,10295,4/22/2005,On Hold
1716,38,10295,5/29/2005,In Process
1717,13,10296,1/31/2003,Shipped
1718,13,10296,4/1/2003,Shipped
1719,13,10296,6/3/2003,Shipped
1720,13,10296,8/1/2003,Shipped
1721,13,10296,9/21/2003,Shipped
1722,13,10296,10/22/2003,Shipped
1723,13,10296,11/6/2003,Shipped
1724,13,10296,11/14/2003,Shipped
1725,13,10296,11/25/2003,Shipped
1726,13,10296,12/9/2003,Shipped
1727,13,10296,2/10/2004,Shipped
1728,13,10296,3/11/2004,Shipped
1729,13,10296,5/5/2004,Shipped
1730,13,10296,6/15/2004,Shipped
1731,21,10297,7/20/2004,Shipped
1732,21,10297,8/19/2004,Shipped
1733,21,10297,9/8/2004,Shipped
1734,21,10297,10/13/2004,Shipped
1735,21,10297,10/22/2004,Shipped
1736,21,10297,11/5/2004,Shipped
1737,21,10297,11/19/2004,Shipped
1738,4,10298,12/1/2004,Shipped
1739,4,10298,12/10/2004,Shipped
1740,86,10299,1/23/2005,Shipped
1741,86,10299,2/22/2005,Shipped
1742,86,10299,3/15/2005,Shipped
1743,86,10299,5/3/2005,Shipped
1744,86,10299,5/31/2005,In Process
1745,86,10299,2/17/2003,Shipped
1746,86,10299,4/28/2003,Shipped
1747,86,10299,6/16/2003,Shipped
1748,86,10299,8/10/2003,Shipped
1749,86,10299,10/6/2003,Shipped
1750,86,10299,10/23/2003,Cancelled
1751,14,10300,11/8/2003,Shipped
1752,14,10300,11/14/2003,Shipped
1753,14,10300,11/27/2003,Shipped
1754,14,10300,1/9/2004,Shipped
1755,14,10300,2/19/2004,Shipped
1756,14,10300,5/8/2004,Shipped
1757,14,10300,6/24/2004,Cancelled
1758,14,10300,7/21/2004,Shipped
1759,61,10301,8/21/2004,Shipped
1760,61,10301,9/15/2004,Shipped
1761,61,10301,10/14/2004,Shipped
1762,61,10301,11/1/2004,Shipped
1763,61,10301,11/12/2004,Shipped
1764,61,10301,11/23/2004,Shipped
1765,61,10301,12/3/2004,Shipped
1766,61,10301,1/31/2005,Shipped
1767,61,10301,3/1/2005,Resolved
1768,61,10301,3/30/2005,Shipped
1769,61,10301,4/1/2005,Shipped
1770,88,10302,5/9/2005,Disputed
1771,88,10302,3/18/2003,Shipped
1772,88,10302,5/21/2003,Shipped
1773,88,10302,9/11/2003,Shipped
1774,88,10302,10/17/2003,Shipped
1775,88,10302,11/5/2003,Shipped
1776,43,10303,11/12/2003,Shipped
1777,43,10303,11/20/2003,Shipped
1778,8,10304,12/2/2003,Shipped
1779,8,10304,1/22/2004,Shipped
1780,8,10304,3/2/2004,Shipped
1781,8,10304,4/13/2004,Shipped
1782,8,10304,7/7/2004,Shipped
1783,8,10304,8/9/2004,Shipped
1784,8,10304,9/1/2004,Shipped
1785,8,10304,10/6/2003,Shipped
1786,8,10304,10/16/2004,Shipped
1787,8,10304,11/17/2004,Shipped
1788,8,10304,11/29/2004,Shipped
1789,8,10304,1/19/2005,Shipped
1790,8,10304,2/16/2005,Shipped
1791,8,10304,4/22/2005,On Hold
1792,8,10304,5/29/2005,In Process
1793,8,10304,3/10/2003,Shipped
1794,8,10304,5/8/2003,Shipped
1795,50,10305,7/2/2003,Shipped
1796,50,10305,9/5/2003,Shipped
1797,50,10305,10/11/2003,Shipped
1798,50,10305,11/5/2003,Shipped
1799,50,10305,11/12/2003,Shipped
1800,50,10305,11/20/2003,Shipped
1801,50,10305,12/2/2003,Shipped
1802,50,10305,1/16/2004,Shipped
1803,50,10305,2/22/2004,Shipped
1804,50,10305,4/12/2004,Shipped
1805,50,10305,6/1/2004,Cancelled
1806,50,10305,7/6/2004,Shipped
1807,50,10305,8/6/2004,Shipped
1808,50,10305,8/30/2004,Shipped
1809,11,10306,10/5/2003,Shipped
1810,11,10306,10/16/2004,Shipped
1811,11,10306,11/4/2004,Shipped
1812,11,10306,11/17/2004,Shipped
1813,11,10306,11/24/2004,Shipped
1814,11,10306,12/7/2004,Shipped
1815,11,10306,1/12/2005,Resolved
1816,11,10306,2/10/2005,Shipped
1817,11,10306,3/4/2005,Shipped
1818,11,10306,4/14/2005,Shipped
1819,11,10306,5/17/2005,Shipped
1820,11,10306,2/11/2003,Shipped
1821,11,10306,4/28/2003,Shipped
1822,11,10306,6/12/2003,Shipped
1823,11,10306,8/8/2003,Shipped
1824,11,10306,10/2/2003,Shipped
1825,11,10306,10/23/2003,Cancelled
1826,19,10307,11/7/2003,Shipped
1827,19,10307,11/14/2003,Shipped
1828,19,10307,11/26/2003,Shipped
1829,19,10307,1/2/2004,Shipped
1830,19,10307,2/19/2004,Shipped
1831,19,10307,3/29/2004,Shipped
1832,19,10307,5/7/2004,Cancelled
1833,19,10307,6/17/2004,Shipped
1834,19,10307,7/21/2004,Shipped
1835,55,10308,8/20/2004,Shipped
1836,55,10308,9/10/2004,Shipped
1837,55,10308,10/14/2004,Shipped
1838,55,10308,10/29/2004,Shipped
1839,55,10308,11/9/2004,Shipped
1840,55,10308,11/23/2004,Shipped
1841,55,10308,12/2/2004,Shipped
1842,55,10308,1/31/2005,Shipped
1843,55,10308,2/23/2005,Shipped
1844,55,10308,3/23/2005,Shipped
1845,55,10308,5/6/2005,On Hold
1846,55,10308,3/18/2003,Shipped
1847,55,10308,5/21/2003,Shipped
1848,55,10308,9/11/2003,Shipped
1849,55,10308,10/17/2003,Shipped
1850,55,10308,11/5/2003,Shipped
1851,12,10309,11/12/2003,Shipped
1852,12,10309,11/20/2003,Shipped
1853,12,10309,12/2/2003,Shipped
1854,12,10309,1/16/2004,Shipped
1855,12,10309,3/2/2004,Shipped
1856,12,10309,4/13/2004,Shipped
1857,85,10310,7/7/2004,Shipped
1858,85,10310,8/9/2004,Shipped
1859,85,10310,9/1/2004,Shipped
1860,85,10310,10/6/2003,Shipped
1861,85,10310,10/16/2004,Shipped
1862,85,10310,11/4/2004,Shipped
1863,85,10310,11/17/2004,Shipped
1864,85,10310,11/29/2004,Shipped
1865,85,10310,1/19/2005,Shipped
1866,85,10310,2/16/2005,Shipped
1867,85,10310,4/22/2005,On Hold
1868,85,10310,5/29/2005,In Process
1869,85,10310,3/3/2003,Shipped
1870,85,10310,5/8/2003,Shipped
1871,85,10310,7/2/2003,Shipped
1872,85,10310,9/5/2003,Shipped
1873,85,10310,10/10/2003,Shipped
1874,34,10311,11/4/2003,Shipped
1875,34,10311,11/12/2003,Shipped
1876,34,10311,11/20/2003,Shipped
1877,34,10311,12/2/2003,Shipped
1878,34,10311,1/15/2004,Shipped
1879,34,10311,2/22/2004,Shipped
1880,34,10311,4/9/2004,Shipped
1881,34,10311,6/1/2004,Cancelled
1882,34,10311,7/6/2004,Shipped
1883,34,10311,8/2/2004,Shipped
1884,34,10311,8/30/2004,Shipped
1885,57,10312,10/4/2003,Shipped
1886,57,10312,10/16/2004,Shipped
1887,57,10312,11/3/2004,Shipped
1888,57,10312,11/17/2004,Shipped
1889,57,10312,11/24/2004,Shipped
1890,57,10312,12/7/2004,Shipped
1891,57,10312,1/6/2005,Shipped
1892,57,10312,2/10/2005,Shipped
1893,57,10312,3/4/2005,Shipped
1894,57,10312,5/17/2005,Shipped
1895,57,10312,2/17/2003,Shipped
1896,57,10312,4/28/2003,Shipped
1897,57,10312,6/16/2003,Shipped
1898,57,10312,8/10/2003,Shipped
1899,57,10312,10/6/2003,Shipped
1900,57,10312,10/23/2003,Cancelled
1901,57,10312,11/8/2003,Shipped
1902,18,10313,11/14/2003,Shipped
1903,18,10313,11/27/2003,Shipped
1904,18,10313,1/9/2004,Shipped
1905,18,10313,2/19/2004,Shipped
1906,18,10313,5/8/2004,Shipped
1907,18,10313,6/24/2004,Cancelled
1908,18,10313,7/21/2004,Shipped
1909,18,10313,8/21/2004,Shipped
1910,18,10313,9/15/2004,Shipped
1911,18,10313,10/14/2004,Shipped
1912,18,10313,11/1/2004,Shipped
1913,41,10314,11/12/2004,Shipped
1914,41,10314,11/23/2004,Shipped
1915,41,10314,12/3/2004,Shipped
1916,41,10314,12/17/2004,Shipped
1917,41,10314,1/31/2005,Shipped
1918,41,10314,3/1/2005,Resolved
1919,41,10314,3/30/2005,Shipped
1920,41,10314,4/1/2005,Shipped
1921,41,10314,5/9/2005,Disputed
1922,41,10314,3/18/2003,Shipped
1923,41,10314,5/21/2003,Shipped
1924,41,10314,9/11/2003,Shipped
1925,41,10314,10/17/2003,Shipped
1926,41,10314,11/5/2003,Shipped
1927,41,10314,11/12/2003,Shipped
1928,45,10315,11/20/2003,Shipped
1929,45,10315,12/2/2003,Shipped
1930,45,10315,1/16/2004,Shipped
1931,45,10315,2/26/2004,Shipped
1932,45,10315,4/13/2004,Shipped
1933,45,10315,7/7/2004,Shipped
1934,45,10315,8/9/2004,Shipped
1935,39,10316,9/1/2004,Shipped
1936,39,10316,10/5/2003,Shipped
1937,39,10316,10/16/2004,Shipped
1938,39,10316,11/4/2004,Shipped
1939,39,10316,11/17/2004,Shipped
1940,39,10316,11/29/2004,Shipped
1941,39,10316,1/19/2005,Shipped
1942,39,10316,2/16/2005,Shipped
1943,39,10316,4/22/2005,On Hold
1944,39,10316,5/29/2005,In Process
1945,39,10316,2/11/2003,Shipped
1946,39,10316,4/28/2003,Shipped
1947,39,10316,6/12/2003,Shipped
1948,39,10316,8/10/2003,Shipped
1949,39,10316,10/6/2003,Shipped
1950,39,10316,10/23/2003,Cancelled
1951,39,10316,11/8/2003,Shipped
1952,39,10316,11/14/2003,Shipped
1953,81,10317,11/26/2003,Shipped
1954,29,10318,1/9/2004,Shipped
1955,29,10318,2/19/2004,Shipped
1956,29,10318,5/7/2004,Cancelled
1957,29,10318,6/24/2004,Cancelled
1958,29,10318,7/21/2004,Shipped
1959,29,10318,8/20/2004,Shipped
1960,29,10318,9/15/2004,Shipped
1961,29,10318,10/14/2004,Shipped
1962,29,10318,11/1/2004,Shipped
1963,52,10319,11/9/2004,Shipped
1964,52,10319,11/23/2004,Shipped
1965,52,10319,12/2/2004,Shipped
1966,52,10319,1/31/2005,Shipped
1967,52,10319,2/28/2005,Shipped
1968,52,10319,3/23/2005,Shipped
1969,52,10319,4/1/2005,Shipped
1970,52,10319,5/6/2005,On Hold
1971,52,10319,3/3/2003,Shipped
1972,91,10320,5/8/2003,Shipped
1973,91,10320,7/2/2003,Shipped
1974,91,10320,9/5/2003,Shipped
1975,91,10320,10/11/2003,Shipped
1976,91,10320,11/4/2003,Shipped
1977,35,10321,11/12/2003,Shipped
1978,35,10321,11/20/2003,Shipped
1979,35,10321,12/2/2003,Shipped
1980,35,10321,1/16/2004,Shipped
1981,35,10321,2/22/2004,Shipped
1982,35,10321,4/12/2004,Shipped
1983,35,10321,6/1/2004,Cancelled
1984,35,10321,7/6/2004,Shipped
1985,35,10321,8/6/2004,Shipped
1986,35,10321,8/30/2004,Shipped
1987,35,10321,10/5/2003,Shipped
1988,35,10321,10/16/2004,Shipped
1989,35,10321,11/4/2004,Shipped
1990,35,10321,11/17/2004,Shipped
1991,35,10321,11/24/2004,Shipped
1992,62,10322,12/7/2004,Shipped
1993,62,10322,1/6/2005,Shipped
1994,62,10322,2/10/2005,Shipped
1995,62,10322,3/4/2005,Shipped
1996,62,10322,4/14/2005,Shipped
1997,62,10322,5/17/2005,Shipped
1998,62,10322,2/17/2003,Shipped
1999,62,10322,4/28/2003,Shipped
2000,62,10322,6/16/2003,Shipped
2001,62,10322,8/10/2003,Shipped
2002,62,10322,10/6/2003,Shipped
2003,62,10322,10/28/2003,Shipped
2004,62,10322,11/8/2003,Shipped
2005,62,10322,11/27/2003,Shipped
2006,14,10323,1/12/2004,Shipped
2007,14,10323,2/19/2004,Shipped
2008,90,10324,4/2/2004,Shipped
2009,90,10324,5/11/2004,Shipped
2010,90,10324,6/24/2004,Cancelled
2011,90,10324,7/23/2004,Shipped
2012,90,10324,8/21/2004,Shipped
2013,90,10324,9/15/2004,Shipped
2014,90,10324,10/15/2004,Shipped
2015,90,10324,11/1/2004,Shipped
2016,90,10324,11/12/2004,Shipped
2017,90,10324,11/23/2004,Shipped
2018,90,10324,12/3/2004,Shipped
2019,90,10324,12/17/2004,Shipped
2020,90,10324,1/31/2005,Shipped
2021,90,10324,3/1/2005,Resolved
2022,12,10325,3/30/2005,Shipped
2023,12,10325,4/3/2005,On Hold
2024,12,10325,5/10/2005,Shipped
2025,12,10325,1/6/2003,Shipped
2026,12,10325,3/18/2003,Shipped
2027,12,10325,5/21/2003,Shipped
2028,12,10325,9/12/2003,Shipped
2029,12,10325,10/18/2003,Shipped
2030,12,10325,11/5/2003,Shipped
2031,91,10326,11/12/2003,Shipped
2032,91,10326,11/21/2003,Shipped
2033,91,10326,12/2/2003,Shipped
2034,91,10326,1/26/2004,Shipped
2035,91,10326,3/2/2004,Shipped
2036,91,10326,4/20/2004,Shipped
2037,28,10327,8/17/2004,Shipped
2038,28,10327,9/1/2004,Shipped
2039,28,10327,10/6/2004,Shipped
2040,28,10327,10/21/2004,Shipped
2041,28,10327,11/17/2004,Shipped
2042,28,10327,11/29/2004,Shipped
2043,28,10327,1/19/2005,Shipped
2044,28,10327,2/16/2005,Shipped
2045,69,10328,4/22/2005,Shipped
2046,69,10328,5/29/2005,In Process
2047,69,10328,1/31/2003,Shipped
2048,69,10328,4/4/2003,Shipped
2049,69,10328,6/3/2003,Shipped
2050,69,10328,8/1/2003,Shipped
2051,69,10328,9/25/2003,Shipped
2052,69,10328,10/22/2003,Shipped
2053,69,10328,11/6/2003,Shipped
2054,69,10328,11/14/2003,Shipped
2055,69,10328,11/25/2003,Shipped
2056,69,10328,12/9/2003,Shipped
2057,69,10328,2/12/2004,Shipped
2058,69,10328,3/15/2004,Shipped
2059,46,10329,5/5/2004,Shipped
2060,46,10329,7/20/2004,Shipped
2061,46,10329,8/20/2004,Shipped
2062,46,10329,9/8/2004,Shipped
2063,46,10329,10/13/2004,Shipped
2064,46,10329,10/22/2004,Shipped
2065,46,10329,11/5/2004,Shipped
2066,46,10329,11/20/2004,Shipped
2067,46,10329,12/1/2004,Shipped
2068,46,10329,12/15/2004,Shipped
2069,46,10329,1/23/2005,Shipped
2070,46,10329,2/22/2005,Shipped
2071,46,10329,3/15/2005,Shipped
2072,46,10329,5/3/2005,Shipped
2073,46,10329,1/29/2003,Shipped
2074,26,10330,3/25/2003,Shipped
2075,26,10330,5/28/2003,Shipped
2076,26,10330,7/16/2003,Shipped
2077,26,10330,9/12/2003,Shipped
2078,59,10331,10/20/2003,Shipped
2079,59,10331,11/5/2003,Shipped
2080,59,10331,11/13/2003,Shipped
2081,59,10331,11/21/2003,Shipped
2082,59,10331,12/5/2003,Shipped
2083,59,10331,1/29/2004,Shipped
2084,59,10331,3/10/2004,Shipped
2085,59,10331,4/29/2004,Shipped
2086,59,10331,6/14/2004,Shipped
2087,59,10331,7/16/2004,Shipped
2088,59,10331,8/17/2004,Shipped
2089,59,10331,9/7/2004,Shipped
2090,59,10331,10/11/2004,Shipped
2091,59,10331,10/21/2004,Shipped
2092,11,10332,11/5/2004,Shipped
2093,11,10332,11/18/2004,Shipped
2094,11,10332,11/1/2004,Shipped
2095,11,10332,12/10/2004,Shipped
2096,11,10332,1/20/2005,Shipped
2097,11,10332,2/17/2005,Shipped
2098,11,10332,5/30/2005,In Process
2099,11,10332,2/17/2003,Shipped
2100,11,10332,4/29/2003,Shipped
2101,11,10332,6/27/2003,Shipped
2102,11,10332,8/25/2003,Shipped
2103,11,10332,10/28/2003,Shipped
2104,11,10332,1/12/2004,Shipped
2105,11,10332,2/20/2004,Shipped
2106,11,10332,4/2/2004,Shipped
2107,11,10332,5/11/2004,Shipped
2108,11,10332,6/28/2004,Shipped
2109,11,10332,7/23/2004,Shipped
2110,58,10333,8/21/2004,Shipped
2111,58,10333,9/16/2004,Shipped
2112,58,10333,10/15/2004,Shipped
2113,58,10333,11/2/2004,Shipped
2114,58,10333,11/12/2004,Shipped
2115,58,10333,11/24/2004,Shipped
2116,58,10333,12/4/2004,Shipped
2117,58,10333,12/17/2004,Shipped
2118,91,10334,2/3/2005,Shipped
2119,91,10334,3/1/2005,Resolved
2120,91,10334,3/30/2005,Shipped
2121,91,10334,4/3/2005,On Hold
2122,91,10334,5/10/2005,Shipped
2123,91,10334,3/3/2003,Shipped
2124,57,10335,5/8/2003,Shipped
2125,57,10335,7/2/2003,Shipped
2126,57,10335,9/5/2003,Shipped
2127,44,10336,10/10/2003,Shipped
2128,44,10336,11/4/2003,Shipped
2129,44,10336,11/11/2003,Shipped
2130,44,10336,11/20/2003,Shipped
2131,44,10336,1/15/2004,Shipped
2132,44,10336,2/22/2004,Shipped
2133,44,10336,4/9/2004,Shipped
2134,44,10336,5/26/2004,Shipped
2135,44,10336,6/30/2004,Shipped
2136,44,10336,8/2/2004,Shipped
2137,44,10336,8/30/2004,Shipped
2138,44,10336,9/30/2004,Shipped
2139,20,10337,10/16/2004,Shipped
2140,20,10337,11/3/2004,Shipped
2141,20,10337,11/17/2004,Shipped
2142,20,10337,11/24/2004,Shipped
2143,20,10337,12/7/2004,Shipped
2144,20,10337,1/6/2005,Shipped
2145,20,10337,2/10/2005,Shipped
2146,20,10337,3/4/2005,Shipped
2147,20,10337,1/29/2003,Shipped
2148,71,10338,4/1/2003,Shipped
2149,71,10338,5/28/2003,Shipped
2150,71,10338,7/24/2003,Shipped
2151,84,10339,9/21/2003,Shipped
2152,84,10339,10/21/2003,Resolved
2153,84,10339,11/6/2003,Shipped
2154,84,10339,11/14/2003,Shipped
2155,84,10339,11/25/2003,Shipped
2156,84,10339,12/9/2003,Shipped
2157,84,10339,2/4/2004,Shipped
2158,84,10339,3/11/2004,Shipped
2159,84,10339,5/4/2004,Shipped
2160,84,10339,6/15/2004,Shipped
2161,84,10339,7/19/2004,Shipped
2162,84,10339,8/19/2004,Shipped
2163,84,10339,9/8/2004,Shipped
2164,84,10339,10/13/2004,Shipped
2165,84,10339,10/22/2004,Shipped
2166,84,10339,11/5/2004,Shipped
2167,33,10340,11/19/2004,Shipped
2168,33,10340,11/1/2004,Shipped
2169,33,10340,12/10/2004,Shipped
2170,33,10340,1/23/2005,Shipped
2171,33,10340,2/17/2005,Shipped
2172,33,10340,5/1/2005,Shipped
2173,33,10340,5/31/2005,In Process
2174,33,10340,2/24/2003,Shipped
2175,72,10341,4/29/2003,Shipped
2176,72,10341,6/27/2003,Shipped
2177,72,10341,8/25/2003,Shipped
2178,72,10341,10/28/2003,Shipped
2179,72,10341,11/18/2003,Shipped
2180,72,10341,1/12/2004,Shipped
2181,72,10341,2/20/2004,Shipped
2182,72,10341,4/2/2004,Shipped
2183,72,10341,5/11/2004,Shipped
2184,72,10341,6/28/2004,Shipped
2185,6,10342,7/23/2004,Shipped
2186,6,10342,8/27/2004,Shipped
2187,6,10342,9/16/2004,Shipped
2188,6,10342,10/15/2004,Shipped
2189,6,10342,11/2/2004,Shipped
2190,6,10342,11/15/2004,Shipped
2191,6,10342,11/24/2004,Shipped
2192,6,10342,12/4/2004,Shipped
2193,6,10342,1/6/2005,Shipped
2194,6,10342,2/3/2005,Shipped
2195,6,10342,3/2/2005,Shipped
2196,68,10343,4/3/2005,On Hold
2197,68,10343,5/10/2005,Shipped
2198,68,10343,3/3/2003,Shipped
2199,68,10343,5/8/2003,Shipped
2200,68,10343,7/2/2003,Shipped
2201,68,10343,8/25/2003,Shipped
2202,49,10344,10/10/2003,Shipped
2203,49,10344,11/4/2003,Shipped
2204,49,10344,11/11/2003,Shipped
2205,49,10344,11/19/2003,Shipped
2206,49,10344,1/15/2004,Shipped
2207,49,10344,2/21/2004,Shipped
2208,49,10344,4/5/2004,Shipped
2209,4,10345,5/26/2004,Shipped
2210,76,10346,6/30/2004,Shipped
2211,76,10346,8/2/2004,Shipped
2212,76,10346,8/27/2004,Shipped
2213,76,10346,9/30/2004,Shipped
2214,76,10346,10/16/2004,Shipped
2215,76,10346,11/3/2004,Shipped
2216,6,10347,11/17/2004,Shipped
2217,6,10347,11/24/2004,Shipped
2218,6,10347,12/7/2004,Shipped
2219,6,10347,1/6/2005,Shipped
2220,6,10347,2/10/2005,Shipped
2221,6,10347,3/4/2005,Shipped
2222,6,10347,4/8/2005,Shipped
2223,6,10347,1/31/2003,Shipped
2224,6,10347,4/1/2003,Shipped
2225,6,10347,6/3/2003,Shipped
2226,6,10347,8/1/2003,Shipped
2227,6,10347,9/21/2003,Shipped
2228,25,10348,10/22/2003,Shipped
2229,25,10348,11/6/2003,Shipped
2230,25,10348,11/14/2003,Shipped
2231,25,10348,11/25/2003,Shipped
2232,25,10348,12/9/2003,Shipped
2233,25,10348,2/10/2004,Shipped
2234,25,10348,3/11/2004,Shipped
2235,25,10348,5/5/2004,Shipped
2236,60,10349,6/15/2004,Shipped
2237,60,10349,7/20/2004,Shipped
2238,60,10349,8/19/2004,Shipped
2239,60,10349,9/8/2004,Shipped
2240,60,10349,10/13/2004,Shipped
2241,60,10349,10/22/2004,Shipped
2242,60,10349,11/5/2004,Shipped
2243,60,10349,11/19/2004,Shipped
2244,60,10349,12/1/2004,Shipped
2245,60,10349,12/15/2004,Shipped
2246,34,10350,1/23/2005,Shipped
2247,34,10350,2/22/2005,Shipped
2248,34,10350,3/15/2005,Shipped
2249,34,10350,5/3/2005,Shipped
2250,34,10350,5/31/2005,In Process
2251,34,10350,1/31/2003,Shipped
2252,34,10350,4/11/2003,Shipped
2253,34,10350,6/3/2003,Shipped
2254,34,10350,8/8/2003,Shipped
2255,34,10350,9/25/2003,Shipped
2256,34,10350,10/22/2003,Shipped
2257,34,10350,11/6/2003,Shipped
2258,34,10350,11/14/2003,Shipped
2259,34,10350,11/25/2003,Shipped
2260,34,10350,12/9/2003,Shipped
2261,34,10350,2/12/2004,Shipped
2262,34,10350,3/15/2004,Shipped
2263,78,10351,5/5/2004,Shipped
2264,78,10351,7/20/2004,Shipped
2265,78,10351,8/20/2004,Shipped
2266,78,10351,9/8/2004,Shipped
2267,78,10351,10/14/2004,Shipped
2268,10,10352,10/22/2004,Shipped
2269,10,10352,11/5/2004,Shipped
2270,10,10352,11/20/2004,Shipped
2271,10,10352,12/2/2004,Shipped
2272,37,10353,12/15/2004,Shipped
2273,37,10353,1/23/2005,Shipped
2274,37,10353,2/22/2005,Shipped
2275,37,10353,3/15/2005,Shipped
2276,37,10353,5/5/2005,Shipped
2277,37,10353,1/29/2003,Shipped
2278,37,10353,3/26/2003,Shipped
2279,37,10353,5/28/2003,Shipped
2280,37,10353,7/24/2003,Shipped
2281,34,10355,9/19/2003,Shipped
2282,34,10355,10/21/2003,Resolved
2283,34,10355,11/6/2003,Shipped
2284,34,10355,11/13/2003,Shipped
2285,34,10355,11/25/2003,Shipped
2286,34,10355,12/5/2003,Shipped
2287,34,10355,2/4/2004,Shipped
2288,34,10355,3/11/2004,Shipped
2289,34,10355,5/4/2004,Shipped
2290,34,10355,6/15/2004,Shipped
2291,48,10356,7/19/2004,Shipped
2292,48,10356,8/19/2004,Shipped
2293,48,10356,9/8/2004,Shipped
2294,48,10356,10/11/2004,Shipped
2295,48,10356,10/22/2004,Shipped
2296,48,10356,11/5/2004,Shipped
2297,48,10356,11/18/2004,Shipped
2298,48,10356,11/1/2004,Shipped
2299,48,10356,12/10/2004,Shipped
2300,57,10357,1/20/2005,Shipped
2301,57,10357,2/17/2005,Shipped
2302,57,10357,5/1/2005,Shipped
2303,57,10357,5/31/2005,In Process
2304,57,10357,2/17/2003,Shipped
2305,57,10357,4/29/2003,Shipped
2306,57,10357,6/27/2003,Shipped
2307,57,10357,8/13/2003,Shipped
2308,57,10357,10/28/2003,Shipped
2309,57,10357,1/12/2004,Shipped
2310,34,10358,2/20/2004,Shipped
2311,34,10358,4/2/2004,Shipped
2312,34,10358,5/11/2004,Shipped
2313,34,10358,6/24/2004,Cancelled
2314,34,10358,7/23/2004,Shipped
2315,34,10358,8/21/2004,Shipped
2316,34,10358,9/16/2004,Shipped
2317,34,10358,10/15/2004,Shipped
2318,34,10358,11/1/2004,Shipped
2319,34,10358,11/12/2004,Shipped
2320,34,10358,11/24/2004,Shipped
2321,34,10358,12/4/2004,Shipped
2322,34,10358,12/17/2004,Shipped
2323,34,10358,2/3/2005,Shipped
2324,68,10359,3/3/2005,Shipped
2325,68,10359,3/30/2005,Shipped
2326,68,10359,4/3/2005,On Hold
2327,68,10359,5/10/2005,Shipped
2328,68,10359,3/3/2003,Shipped
2329,68,10359,5/7/2003,Shipped
2330,68,10359,7/2/2003,Shipped
2331,68,10359,8/25/2003,Shipped
2332,77,10361,10/10/2003,Shipped
2333,77,10361,11/4/2003,Shipped
2334,77,10361,11/11/2003,Shipped
2335,77,10361,11/19/2003,Shipped
2336,77,10361,1/15/2004,Shipped
2337,77,10361,2/21/2004,Shipped
2338,77,10361,4/5/2004,Shipped
2339,77,10361,5/26/2004,Shipped
2340,77,10361,6/30/2004,Shipped
2341,77,10361,8/2/2004,Shipped
2342,77,10361,8/27/2004,Shipped
2343,77,10361,9/30/2004,Shipped
2344,77,10361,10/15/2004,Shipped
2345,77,10361,11/3/2004,Shipped
2346,81,10362,11/17/2004,Shipped
2347,81,10362,11/24/2004,Shipped
2348,81,10362,12/7/2004,Shipped
2349,81,10362,1/7/2005,Shipped
2350,79,10363,2/3/2005,Shipped
2351,79,10363,3/4/2005,Shipped
2352,79,10363,4/8/2005,Shipped
2353,79,10363,2/17/2003,Shipped
2354,79,10363,4/29/2003,Shipped
2355,79,10363,6/27/2003,Shipped
2356,79,10363,8/10/2003,Shipped
2357,79,10363,10/8/2003,Shipped
2358,79,10363,10/28/2003,Shipped
2359,79,10363,12/1/2003,Shipped
2360,79,10363,1/12/2004,Shipped
2361,79,10363,2/20/2004,Shipped
2362,79,10363,4/2/2004,Shipped
2363,79,10363,5/11/2004,Shipped
2364,79,10363,6/24/2004,Cancelled
2365,49,10364,7/23/2004,Shipped
2366,56,10365,8/21/2004,Shipped
2367,56,10365,9/15/2004,Shipped
2368,56,10365,10/15/2004,Shipped
2369,71,10366,11/1/2004,Shipped
2370,71,10366,11/12/2004,Shipped
2371,71,10366,11/24/2004,Shipped
2372,87,10367,12/4/2004,Shipped
2373,87,10367,12/17/2004,Shipped
2374,87,10367,2/3/2005,Shipped
2375,87,10367,3/3/2005,Shipped
2376,87,10367,3/30/2005,Shipped
2377,87,10367,4/3/2005,On Hold
2378,87,10367,5/10/2005,Shipped
2379,87,10367,1/31/2003,Shipped
2380,87,10367,4/4/2003,Shipped
2381,87,10367,6/3/2003,Shipped
2382,87,10367,8/1/2003,Shipped
2383,87,10367,9/21/2003,Shipped
2384,87,10367,10/22/2003,Shipped
2385,57,10368,11/6/2003,Shipped
2386,57,10368,11/14/2003,Shipped
2387,57,10368,11/25/2003,Shipped
2388,57,10368,12/9/2003,Shipped
2389,57,10368,2/12/2004,Shipped
2390,23,10369,3/15/2004,Shipped
2391,23,10369,5/5/2004,Shipped
2392,23,10369,6/15/2004,Shipped
2393,23,10369,7/20/2004,Shipped
2394,23,10369,8/20/2004,Shipped
2395,23,10369,9/8/2004,Shipped
2396,23,10369,10/13/2004,Shipped
2397,23,10369,10/22/2004,Shipped
2398,3,10370,11/5/2004,Shipped
2399,3,10370,11/20/2004,Shipped
2400,3,10370,12/2/2004,Shipped
2401,3,10370,12/15/2004,Shipped
2402,3,10370,1/23/2005,Shipped
2403,3,10370,2/22/2005,Shipped
2404,3,10370,3/17/2005,Shipped
2405,3,10370,5/3/2005,Shipped
2406,3,10370,5/31/2005,In Process
2407,57,10371,1/31/2003,Shipped
2408,57,10371,4/16/2003,Shipped
2409,57,10371,6/3/2003,Shipped
2410,57,10371,8/8/2003,Shipped
2411,57,10371,9/28/2003,Shipped
2412,57,10371,10/22/2003,Shipped
2413,57,10371,11/6/2003,Shipped
2414,57,10371,11/14/2003,Shipped
2415,57,10371,11/26/2003,Shipped
2416,57,10371,1/2/2004,Shipped
2417,57,10371,2/12/2004,Shipped
2418,57,10371,3/15/2004,Shipped
2419,84,10372,5/5/2004,Shipped
2420,84,10372,7/20/2004,Shipped
2421,84,10372,8/20/2004,Shipped
2422,84,10372,9/8/2004,Shipped
2423,84,10372,10/14/2004,Shipped
2424,84,10372,10/22/2004,Shipped
2425,84,10372,11/5/2004,Shipped
2426,84,10372,11/21/2004,Shipped
2427,84,10372,12/2/2004,Shipped
2428,65,10373,12/15/2004,Shipped
2429,65,10373,1/26/2005,Shipped
2430,65,10373,2/22/2005,Shipped
2431,65,10373,3/17/2005,Shipped
2432,65,10373,5/5/2005,Shipped
2433,65,10373,3/3/2003,Shipped
2434,65,10373,5/7/2003,Shipped
2435,65,10373,7/2/2003,Shipped
2436,65,10373,8/25/2003,Shipped
2437,65,10373,10/10/2003,Shipped
2438,65,10373,11/4/2003,Shipped
2439,65,10373,11/11/2003,Shipped
2440,65,10373,11/19/2003,Shipped
2441,65,10373,1/15/2004,Shipped
2442,65,10373,2/21/2004,Shipped
2443,65,10373,4/5/2004,Shipped
2444,65,10373,5/26/2004,Shipped
2445,7,10374,6/30/2004,Shipped
2446,7,10374,8/2/2004,Shipped
2447,7,10374,8/27/2004,Shipped
2448,7,10374,9/30/2004,Shipped
2449,7,10374,10/15/2004,Shipped
2450,7,10374,11/3/2004,Shipped
2451,45,10375,11/17/2004,Shipped
2452,45,10375,11/24/2004,Shipped
2453,45,10375,12/9/2004,Shipped
2454,45,10375,1/7/2005,Shipped
2455,45,10375,2/3/2005,Shipped
2456,45,10375,3/4/2005,Shipped
2457,45,10375,4/8/2005,Shipped
2458,45,10375,2/11/2003,Shipped
2459,45,10375,4/28/2003,Shipped
2460,45,10375,6/12/2003,Shipped
2461,45,10375,8/8/2003,Shipped
2462,45,10375,9/28/2003,Shipped
2463,45,10375,10/23/2003,Cancelled
2464,45,10375,11/7/2003,Shipped
2465,45,10375,11/14/2003,Shipped
2466,15,10376,11/26/2003,Shipped
2467,86,10377,1/2/2004,Shipped
2468,86,10377,2/19/2004,Shipped
2469,86,10377,3/29/2004,Shipped
2470,86,10377,5/7/2004,Cancelled
2471,86,10377,6/17/2004,Shipped
2472,86,10377,7/21/2004,Shipped
2473,34,10378,8/20/2004,Shipped
2474,34,10378,9/10/2004,Shipped
2475,34,10378,10/14/2004,Shipped
2476,34,10378,10/29/2004,Shipped
2477,34,10378,11/9/2004,Shipped
2478,34,10378,11/23/2004,Shipped
2479,34,10378,12/2/2004,Shipped
2480,34,10378,1/31/2005,Shipped
2481,34,10378,2/28/2005,Shipped
2482,34,10378,3/23/2005,Shipped
2483,34,10379,5/6/2005,On Hold
2484,34,10379,2/17/2003,Shipped
2485,34,10379,4/29/2003,Shipped
2486,34,10379,6/27/2003,Shipped
2487,34,10379,8/10/2003,Shipped
2488,34,10380,10/8/2003,Shipped
2489,34,10380,10/28/2003,Shipped
2490,34,10380,12/1/2003,Shipped
2491,34,10380,1/12/2004,Shipped
2492,34,10380,2/20/2004,Shipped
2493,34,10380,4/2/2004,Shipped
2494,34,10380,5/11/2004,Shipped
2495,34,10380,6/24/2004,Cancelled
2496,34,10380,7/23/2004,Shipped
2497,34,10380,8/21/2004,Shipped
2498,34,10380,9/15/2004,Shipped
2499,34,10380,10/15/2004,Shipped
2500,34,10380,11/1/2004,Shipped
2501,24,10381,11/12/2004,Shipped
2502,24,10381,11/24/2004,Shipped
2503,24,10381,12/4/2004,Shipped
2504,24,10381,12/17/2004,Shipped
2505,24,10381,2/3/2005,Shipped
2506,24,10381,3/3/2005,Shipped
2507,24,10381,3/30/2005,Shipped
2508,24,10381,4/3/2005,On Hold
2509,24,10381,5/10/2005,Shipped
2510,57,10382,2/11/2003,Shipped
2511,57,10382,4/16/2003,Shipped
2512,57,10382,6/6/2003,Shipped
2513,57,10382,8/8/2003,Shipped
2514,57,10382,9/28/2003,Shipped
2515,57,10382,10/21/2003,Shipped
2516,57,10382,11/7/2003,Shipped
2517,57,10382,11/14/2003,Shipped
2518,57,10382,11/26/2003,Shipped
2519,57,10382,1/2/2004,Shipped
2520,57,10382,2/18/2004,Shipped
2521,57,10382,3/20/2004,Shipped
2522,57,10382,5/7/2004,Cancelled
2523,34,10383,7/21/2004,Shipped
2524,34,10383,8/20/2004,Shipped
2525,34,10383,9/9/2004,Shipped
2526,34,10383,10/14/2004,Shipped
2527,34,10383,10/22/2004,Shipped
2528,34,10383,11/10/2004,Resolved
2529,34,10383,11/21/2004,Shipped
2530,34,10383,12/2/2004,Shipped
2531,34,10383,1/26/2005,Shipped
2532,34,10383,2/23/2005,Shipped
2533,34,10383,3/28/2005,Shipped
2534,34,10383,5/6/2005,On Hold
2535,34,10383,2/17/2003,Shipped
2536,24,10384,4/28/2003,Shipped
2537,24,10384,6/16/2003,Shipped
2538,24,10384,8/10/2003,Shipped
2539,24,10384,10/6/2003,Shipped
2540,57,10385,10/23/2003,Cancelled
2541,57,10385,11/8/2003,Shipped
2542,34,10386,11/14/2003,Shipped
2543,34,10386,11/26/2003,Shipped
2544,34,10386,1/9/2004,Shipped
2545,34,10386,2/19/2004,Shipped
2546,34,10386,5/8/2004,Shipped
2547,34,10386,6/24/2004,Cancelled
2548,34,10386,7/21/2004,Shipped
2549,34,10386,8/20/2004,Shipped
2550,34,10386,9/15/2004,Shipped
2551,34,10386,10/14/2004,Shipped
2552,34,10386,11/1/2004,Shipped
2553,34,10386,11/12/2004,Shipped
2554,34,10386,11/23/2004,Shipped
2555,34,10386,12/3/2004,Shipped
2556,34,10386,12/17/2004,Shipped
2557,34,10386,1/31/2005,Shipped
2558,34,10386,3/1/2005,Resolved
2559,34,10386,3/30/2005,Shipped
2560,32,10387,4/1/2005,Shipped
2561,35,10388,5/9/2005,Disputed
2562,35,10388,2/17/2003,Shipped
2563,35,10388,4/29/2003,Shipped
2564,35,10388,6/16/2003,Shipped
2565,35,10388,8/10/2003,Shipped
2566,35,10388,10/6/2003,Shipped
2567,35,10388,10/28/2003,Shipped
2568,35,10388,11/8/2003,Shipped
2569,74,10389,11/27/2003,Shipped
2570,74,10389,1/12/2004,Shipped
2571,74,10389,2/19/2004,Shipped
2572,74,10389,4/2/2004,Shipped
2573,74,10389,5/11/2004,Shipped
2574,74,10389,6/24/2004,Cancelled
2575,74,10389,7/23/2004,Shipped
2576,74,10389,8/21/2004,Shipped
2577,57,10390,9/15/2004,Shipped
2578,57,10390,10/15/2004,Shipped
2579,57,10390,11/1/2004,Shipped
2580,57,10390,11/12/2004,Shipped
2581,57,10390,11/24/2004,Shipped
2582,57,10390,12/3/2004,Shipped
2583,57,10390,12/17/2004,Shipped
2584,57,10390,2/3/2005,Shipped
2585,57,10390,3/1/2005,Resolved
2586,57,10390,3/30/2005,Shipped
2587,57,10390,4/3/2005,On Hold
2588,57,10390,5/10/2005,Shipped
2589,57,10390,2/11/2003,Shipped
2590,57,10390,4/28/2003,Shipped
2591,57,10390,6/12/2003,Shipped
2592,57,10390,8/10/2003,Shipped
2593,3,10391,10/2/2003,Shipped
2594,3,10391,10/23/2003,Cancelled
2595,3,10391,11/7/2003,Shipped
2596,3,10391,11/14/2003,Shipped
2597,3,10391,11/26/2003,Shipped
2598,3,10391,1/2/2004,Shipped
2599,3,10391,2/19/2004,Shipped
2600,3,10391,3/29/2004,Shipped
2601,3,10391,5/7/2004,Cancelled
2602,3,10391,6/17/2004,Shipped
2603,53,10392,7/21/2004,Shipped
2604,53,10392,8/20/2004,Shipped
2605,53,10392,9/10/2004,Shipped
2606,34,10394,10/14/2004,Shipped
2607,34,10394,11/1/2004,Shipped
2608,34,10394,11/10/2004,Resolved
2609,34,10394,11/23/2004,Shipped
2610,34,10394,12/2/2004,Shipped
2611,34,10394,1/31/2005,Shipped
2612,34,10394,3/1/2005,Resolved
2613,48,10395,3/28/2005,Shipped
2614,48,10395,5/6/2005,On Hold
2615,48,10395,1/29/2003,Shipped
2616,48,10395,4/1/2003,Shipped
2617,57,10396,5/28/2003,Shipped
2618,57,10396,7/24/2003,Shipped
2619,57,10396,9/19/2003,Shipped
2620,57,10396,10/21/2003,Resolved
2621,57,10396,11/6/2003,Shipped
2622,57,10396,11/13/2003,Shipped
2623,57,10396,11/25/2003,Shipped
2624,57,10396,12/5/2003,Shipped
2625,1,10397,2/4/2004,Shipped
2626,1,10397,3/11/2004,Shipped
2627,1,10397,5/4/2004,Shipped
2628,1,10397,6/15/2004,Shipped
2629,1,10397,7/19/2004,Shipped
2630,68,10398,8/19/2004,Shipped
2631,68,10398,9/8/2004,Shipped
2632,68,10398,10/11/2004,Shipped
2633,68,10398,10/22/2004,Shipped
2634,68,10398,11/5/2004,Shipped
2635,68,10398,11/20/2004,Shipped
2636,68,10398,11/1/2004,Shipped
2637,68,10398,12/10/2004,Shipped
2638,68,10398,1/23/2005,Shipped
2639,68,10398,2/17/2005,Shipped
2640,68,10398,5/1/2005,Shipped
2641,68,10398,5/31/2005,In Process
2642,68,10398,2/17/2003,Shipped
2643,68,10398,4/29/2003,Shipped
2644,68,10398,6/27/2003,Shipped
2645,68,10398,8/25/2003,Shipped
2646,68,10398,10/28/2003,Shipped
2647,68,10398,11/18/2003,Shipped
2648,83,10400,1/12/2004,Shipped
2649,83,10400,2/20/2004,Shipped
2650,83,10400,4/2/2004,Shipped
2651,83,10400,5/11/2004,Shipped
2652,83,10400,6/28/2004,Shipped
2653,83,10400,7/23/2004,Shipped
2654,83,10400,8/27/2004,Shipped
2655,83,10400,9/16/2004,Shipped
2656,83,10400,10/15/2004,Shipped
2657,82,10401,11/2/2004,Shipped
2658,82,10401,11/12/2004,Shipped
2659,82,10401,11/24/2004,Shipped
2660,82,10401,12/4/2004,Shipped
2661,82,10401,12/17/2004,Shipped
2662,82,10401,2/3/2005,Shipped
2663,82,10401,3/3/2005,Shipped
2664,82,10401,3/30/2005,Shipped
2665,82,10401,4/3/2005,On Hold
2666,82,10401,5/10/2005,Shipped
2667,82,10401,2/17/2003,Shipped
2668,82,10401,4/29/2003,Shipped
2669,9,10402,8/10/2003,Shipped
2670,9,10402,10/6/2003,Shipped
2671,9,10402,10/28/2003,Shipped
2672,88,10403,12/1/2003,Shipped
2673,88,10403,1/12/2004,Shipped
2674,88,10403,2/20/2004,Shipped
2675,88,10403,4/2/2004,Shipped
2676,88,10403,5/11/2004,Shipped
2677,88,10403,6/24/2004,Cancelled
2678,88,10403,7/23/2004,Shipped
2679,88,10403,8/21/2004,Shipped
2680,88,10403,9/15/2004,Shipped
2681,54,10405,10/15/2004,Shipped
2682,54,10405,11/1/2004,Shipped
2683,54,10405,11/12/2004,Shipped
2684,54,10405,11/24/2004,Shipped
2685,54,10405,12/4/2004,Shipped
2686,28,10406,12/17/2004,Shipped
2687,28,10406,2/3/2005,Shipped
2688,28,10406,3/1/2005,Resolved
2689,83,10407,3/30/2005,Shipped
2690,83,10407,4/3/2005,On Hold
2691,83,10407,5/10/2005,Shipped
2692,83,10407,2/11/2003,Shipped
2693,83,10407,4/21/2003,Shipped
2694,83,10407,6/12/2003,Shipped
2695,83,10407,8/8/2003,Shipped
2696,83,10407,9/28/2003,Shipped
2697,83,10407,10/23/2003,Cancelled
2698,83,10407,11/7/2003,Shipped
2699,83,10407,11/14/2003,Shipped
2700,83,10407,11/26/2003,Shipped
2701,84,10408,1/2/2004,Shipped
2702,40,10409,2/19/2004,Shipped
2703,40,10409,3/20/2004,Shipped
2704,67,10411,5/7/2004,Cancelled
2705,67,10411,6/17/2004,Shipped
2706,67,10411,7/21/2004,Shipped
2707,67,10411,8/20/2004,Shipped
2708,67,10411,9/10/2004,Shipped
2709,67,10411,10/14/2004,Shipped
2710,67,10411,10/29/2004,Shipped
2711,67,10411,11/10/2004,Resolved
2712,67,10411,11/21/2004,Shipped
2713,34,10412,12/2/2004,Shipped
2714,34,10412,1/31/2005,Shipped
2715,34,10412,3/1/2005,Resolved
2716,34,10412,3/28/2005,Shipped
2717,34,10412,5/6/2005,On Hold
2718,34,10412,2/11/2003,Shipped
2719,34,10412,4/16/2003,Shipped
2720,34,10412,6/12/2003,Shipped
2721,34,10412,8/8/2003,Shipped
2722,34,10412,9/28/2003,Shipped
2723,34,10412,10/23/2003,Cancelled
2724,36,10413,11/7/2003,Shipped
2725,36,10413,11/14/2003,Shipped
2726,36,10413,11/26/2003,Shipped
2727,36,10413,1/2/2004,Shipped
2728,36,10413,2/19/2004,Shipped
2729,36,10413,3/20/2004,Shipped
2730,38,10414,5/7/2004,Cancelled
2731,38,10414,6/17/2004,Shipped
2732,38,10414,7/21/2004,Shipped
2733,38,10414,8/20/2004,Shipped
2734,38,10414,9/10/2004,Shipped
2735,38,10414,10/14/2004,Shipped
2736,38,10414,10/29/2004,Shipped
2737,38,10414,11/10/2004,Resolved
2738,38,10414,11/21/2004,Shipped
2739,38,10414,12/2/2004,Shipped
2740,38,10414,1/31/2005,Shipped
2741,38,10414,3/1/2005,Resolved
2742,38,10414,3/28/2005,Shipped
2743,38,10414,5/6/2005,On Hold
2744,5,10415,2/17/2003,Shipped
2745,5,10415,4/28/2003,Shipped
2746,5,10415,6/16/2003,Shipped
2747,5,10415,8/10/2003,Shipped
2748,5,10415,10/6/2003,Shipped
2749,47,10416,10/28/2003,Shipped
2750,47,10416,11/8/2003,Shipped
2751,47,10416,11/27/2003,Shipped
2752,47,10416,1/12/2004,Shipped
2753,47,10416,2/19/2004,Shipped
2754,47,10416,4/2/2004,Shipped
2755,47,10416,5/11/2004,Shipped
2756,47,10416,6/24/2004,Cancelled
2757,47,10416,7/23/2004,Shipped
2758,47,10416,8/21/2004,Shipped
2759,47,10416,9/15/2004,Shipped
2760,47,10416,10/15/2004,Shipped
2761,47,10416,11/1/2004,Shipped
2762,47,10416,11/12/2004,Shipped
2763,34,10417,11/23/2004,Shipped
2764,34,10417,12/3/2004,Shipped
2765,34,10417,12/17/2004,Shipped
2766,34,10417,1/31/2005,Shipped
2767,34,10417,3/1/2005,Resolved
2768,34,10417,3/30/2005,Shipped
2769,72,10419,4/3/2005,On Hold
2770,72,10419,5/10/2005,Shipped
2771,72,10419,2/17/2003,Shipped
2772,72,10419,4/28/2003,Shipped
2773,72,10419,6/16/2003,Shipped
2774,72,10419,8/10/2003,Shipped
2775,72,10419,10/6/2003,Shipped
2776,72,10419,10/23/2003,Cancelled
2777,72,10419,11/8/2003,Shipped
2778,72,10419,11/14/2003,Shipped
2779,72,10419,11/26/2003,Shipped
2780,72,10419,1/9/2004,Shipped
2781,72,10419,2/19/2004,Shipped
2782,72,10419,5/8/2004,Shipped
2783,77,10420,6/24/2004,Cancelled
2784,77,10420,7/21/2004,Shipped
2785,77,10420,8/20/2004,Shipped
2786,77,10420,9/15/2004,Shipped
2787,77,10420,10/14/2004,Shipped
2788,77,10420,11/1/2004,Shipped
2789,77,10420,11/15/2004,Shipped
2790,77,10420,11/23/2004,Shipped
2791,77,10420,12/3/2004,Shipped
2792,77,10420,12/17/2004,Shipped
2793,77,10420,1/31/2005,Shipped
2794,77,10420,3/1/2005,Resolved
2795,77,10420,3/30/2005,Shipped
2796,57,10421,4/1/2005,Shipped
2797,57,10421,5/9/2005,Disputed
2798,29,10422,2/11/2003,Shipped
2799,29,10422,4/16/2003,Shipped
2800,66,10423,6/12/2003,Shipped
2801,66,10423,8/8/2003,Shipped
2802,66,10423,9/28/2003,Shipped
2803,66,10423,10/23/2003,Cancelled
2804,66,10423,11/7/2003,Shipped
2805,34,10424,11/14/2003,Shipped
2806,34,10424,11/26/2003,Shipped
2807,34,10424,1/2/2004,Shipped
2808,34,10424,2/19/2004,Shipped
2809,34,10424,3/20/2004,Shipped
2810,34,10424,5/7/2004,Cancelled
2811,45,10425,6/17/2004,Shipped
2812,45,10425,7/21/2004,Shipped
2813,45,10425,8/20/2004,Shipped
2814,45,10425,9/9/2004,Shipped
2815,45,10425,10/14/2004,Shipped
2816,45,10425,10/29/2004,Shipped
2817,45,10425,11/10/2004,Resolved
2818,45,10425,11/21/2004,Shipped
2819,45,10425,12/2/2004,Shipped
2820,45,10425,1/31/2005,Shipped
2821,45,10425,3/1/2005,Resolved
2822,45,10425,3/28/2005,Shipped
2823,45,10425,5/6/2005,On Hold
